Workbook

Sheet How to use
B2: Yontro Sales Pipeline
B4: Who uses it: the sales team (Usama and sales agents). Each rep filters the Pipeline tab by their name. Sahill: owner.
B5: This file holds the pipeline only. Sales KPIs, accounting and targets are in the separate confidential founder file.
B7: Traffic light - how likely the deal is to close:
B8: Green = decision maker engaged, has seen the free video, expected to sign within 7 days.
B9: Yellow = interested, but something is stopping them. Name the blocker and the next action that removes it.
B10: Red = unlikely right now: no reply, no budget, or said no. Follow up monthly.
B12: Rules:
B13: Every open deal has a traffic light, a blocker (or 'None') and a next follow-up date. No date = the deal is forgotten.
B14: The Follow-up column turns TODAY or OVERDUE by itself. Clear all of these before 13:00 every day.
B15: Won deals: set Stage to Won and hand over to Lianna the same day (SOP 1).
B16: Summary tab: counts per rep by traffic light, blockers, and follow-ups due - calculated by itself.
... B20: Grey italic row 2 on each tab = EXAMPLE showing the format. Delete it once real data starts.

Sheet Pipeline
A1: Date added | B1: Sales rep | C1: Business | D1: Niche | E1: Area | F1: Contact name | G1: WhatsApp | H1: Instagram | I1: Source | J1: Stage | K1: Package interested | L1: Monthly value (AED) | M1: Likelihood (traffic light) | N1: What's stopping them | O1: Blocker detail | P1: Next action | Q1: Next follow-up date | R1: Follow-up | S1: Last contact | T1: Expected close date | U1: Notes
A2: 46344 | B2: Usama Rehman | C2: EXAMPLE Phone Hub | D2: Mobile phones | E2: Karama | F2: Ali K. | G2: +971 55 000 0000 | H2: @examplephonehub | I2: Cold call | J2: Free video delivered | K2: Growth | L2: =IF(K2="","",IFERROR(INDEX(Lists!$G$2:$G$5,MATCH(K2,Lists!$F$2:$F$5,0)),"")) -> 7500 | M2: Yellow | N2: Price | O2: Likes the video, thinks Growth is too much this month | P2: Show Launch, then upgrade path after month 1 | Q2: 46346 | R2: =IF(OR(C2="",Q2=""),"",IF(OR(J2="Won",J2="Lost"),"",IF(Q2<TODAY(),"OVERDUE",IF(Q2=TODAY(),"TODAY","")))) | S2: 46344 | T2: 46351 | U2: Delete this row
B3: Usama Rehman | C3: Mobile shop (name to add) | D3: Mobile phones | J3: Free video delivered | L3: =IF(K3="","",IFERROR(INDEX(Lists!$G$2:$G$5,MATCH(K3,Lists!$F$2:$F$5,0)),"")) | R3: =IF(OR(C3="",Q3=""),"",IF(OR(J3="Won",J3="Lost"),"",IF(Q3<TODAY(),"OVERDUE",IF(Q3=TODAY(),"TODAY",""))))
B4: Usama Rehman | C4: Spa (name to add) | D4: Spa | J4: Free video delivered | L4: =IF(K4="","",IFERROR(INDEX(Lists!$G$2:$G$5,MATCH(K4,Lists!$F$2:$F$5,0)),"")) | R4: =IF(OR(C4="",Q4=""),"",IF(OR(J4="Won",J4="Lost"),"",IF(Q4<TODAY(),"OVERDUE",IF(Q4=TODAY(),"TODAY",""))))
L5: =IF(K5="","",IFERROR(INDEX(Lists!$G$2:$G$5,MATCH(K5,Lists!$F$2:$F$5,0)),"")) | R5: =IF(OR(C5="",Q5=""),"",IF(OR(J5="Won",J5="Lost"),"",IF(Q5<TODAY(),"OVERDUE",IF(Q5=TODAY(),"TODAY",""))))
L6: =IF(K6="","",IFERROR(INDEX(Lists!$G$2:$G$5,MATCH(K6,Lists!$F$2:$F$5,0)),"")) | R6: =IF(OR(C6="",Q6=""),"",IF(OR(J6="Won",J6="Lost"),"",IF(Q6<TODAY(),"OVERDUE",IF(Q6=TODAY(),"TODAY",""))))
L7: =IF(K7="","",IFERROR(INDEX(Lists!$G$2:$G$5,MATCH(K7,Lists!$F$2:$F$5,0)),"")) | R7: =IF(OR(C7="",Q7=""),"",IF(OR(J7="Won",J7="Lost"),"",IF(Q7<TODAY(),"OVERDUE",IF(Q7=TODAY(),"TODAY",""))))
L8: =IF(K8="","",IFERROR(INDEX(Lists!$G$2:$G$5,MATCH(K8,Lists!$F$2:$F$5,0)),"")) | R8: =IF(OR(C8="",Q8=""),"",IF(OR(J8="Won",J8="Lost"),"",IF(Q8<TODAY(),"OVERDUE",IF(Q8=TODAY(),"TODAY",""))))
L9: =IF(K9="","",IFERROR(INDEX(Lists!$G$2:$G$5,MATCH(K9,Lists!$F$2:$F$5,0)),"")) | R9: =IF(OR(C9="",Q9=""),"",IF(OR(J9="Won",J9="Lost"),"",IF(Q9<TODAY(),"OVERDUE",IF(Q9=TODAY(),"TODAY",""))))
L10: =IF(K10="","",IFERROR(INDEX(Lists!$G$2:$G$5,MATCH(K10,Lists!$F$2:$F$5,0)),"")) | R10: =IF(OR(C10="",Q10=""),"",IF(OR(J10="Won",J10="Lost"),"",IF(Q10<TODAY(),"OVERDUE",IF(Q10=TODAY(),"TODAY",""))))
L11: =IF(K11="","",IFERROR(INDEX(Lists!$G$2:$G$5,MATCH(K11,Lists!$F$2:$F$5,0)),"")) | R11: =IF(OR(C11="",Q11=""),"",IF(OR(J11="Won",J11="Lost"),"",IF(Q11<TODAY(),"OVERDUE",IF(Q11=TODAY(),"TODAY",""))))
L12: =IF(K12="","",IFERROR(INDEX(Lists!$G$2:$G$5,MATCH(K12,Lists!$F$2:$F$5,0)),"")) | R12: =IF(OR(C12="",Q12=""),"",IF(OR(J12="Won",J12="Lost"),"",IF(Q12<TODAY(),"OVERDUE",IF(Q12=TODAY(),"TODAY",""))))
L13: =IF(K13="","",IFERROR(INDEX(Lists!$G$2:$G$5,MATCH(K13,Lists!$F$2:$F$5,0)),"")) | R13: =IF(OR(C13="",Q13=""),"",IF(OR(J13="Won",J13="Lost"),"",IF(Q13<TODAY(),"OVERDUE",IF(Q13=TODAY(),"TODAY",""))))
L14: =IF(K14="","",IFERROR(INDEX(Lists!$G$2:$G$5,MATCH(K14,Lists!$F$2:$F$5,0)),"")) | R14: =IF(OR(C14="",Q14=""),"",IF(OR(J14="Won",J14="Lost"),"",IF(Q14<TODAY(),"OVERDUE",IF(Q14=TODAY(),"TODAY",""))))
L15: =IF(K15="","",IFERROR(INDEX(Lists!$G$2:$G$5,MATCH(K15,Lists!$F$2:$F$5,0)),"")) | R15: =IF(OR(C15="",Q15=""),"",IF(OR(J15="Won",J15="Lost"),"",IF(Q15<TODAY(),"OVERDUE",IF(Q15=TODAY(),"TODAY",""))))
L16: =IF(K16="","",IFERROR(INDEX(Lists!$G$2:$G$5,MATCH(K16,Lists!$F$2:$F$5,0)),"")) | R16: =IF(OR(C16="",Q16=""),"",IF(OR(J16="Won",J16="Lost"),"",IF(Q16<TODAY(),"OVERDUE",IF(Q16=TODAY(),"TODAY",""))))
... L501: =IF(K501="","",IFERROR(INDEX(Lists!$G$2:$G$5,MATCH(K501,Lists!$F$2:$F$5,0)),"")) | R501: =IF(OR(C501="",Q501=""),"",IF(OR(J501="Won",J501="Lost"),"",IF(Q501<TODAY(),"OVERDUE",IF(Q501=TODAY(),"TODAY",""))))

Sheet Summary
A1: Rep | B1: Green | C1: Yellow | D1: Red | E1: Open deals | F1: Open value (AED / month) | G1: Follow-ups TODAY | H1: Follow-ups OVERDUE | I1: Won (all time)
A2: Usama Rehman | B2: =COUNTIFS(Pipeline!$B:$B,$A2,Pipeline!$M:$M,"Green",Pipeline!$J:$J,"<>Won",Pipeline!$J:$J,"<>Lost",Pipeline!$C:$C,"<>") -> 0 | C2: =COUNTIFS(Pipeline!$B:$B,$A2,Pipeline!$M:$M,"Yellow",Pipeline!$J:$J,"<>Won",Pipeline!$J:$J,"<>Lost",Pipeline!$C:$C,"<>") -> 1 | D2: =COUNTIFS(Pipeline!$B:$B,$A2,Pipeline!$M:$M,"Red",Pipeline!$J:$J,"<>Won",Pipeline!$J:$J,"<>Lost",Pipeline!$C:$C,"<>") -> 0 | E2: =COUNTIFS(Pipeline!$B:$B,$A2,Pipeline!$J:$J,"<>Won",Pipeline!$J:$J,"<>Lost",Pipeline!$C:$C,"<>") -> 3 | F2: =SUMIFS(Pipeline!$L:$L,Pipeline!$B:$B,$A2,Pipeline!$J:$J,"<>Won",Pipeline!$J:$J,"<>Lost",Pipeline!$C:$C,"<>") -> 7500 | G2: =COUNTIFS(Pipeline!$B:$B,$A2,Pipeline!$R:$R,"TODAY") -> 0 | H2: =COUNTIFS(Pipeline!$B:$B,$A2,Pipeline!$R:$R,"OVERDUE") -> 0 | I2: =COUNTIFS(Pipeline!$B:$B,$A2,Pipeline!$J:$J,"Won") -> 0
A3: Sales Agent 1 | B3: =COUNTIFS(Pipeline!$B:$B,$A3,Pipeline!$M:$M,"Green",Pipeline!$J:$J,"<>Won",Pipeline!$J:$J,"<>Lost",Pipeline!$C:$C,"<>") -> 0 | C3: =COUNTIFS(Pipeline!$B:$B,$A3,Pipeline!$M:$M,"Yellow",Pipeline!$J:$J,"<>Won",Pipeline!$J:$J,"<>Lost",Pipeline!$C:$C,"<>") -> 0 | D3: =COUNTIFS(Pipeline!$B:$B,$A3,Pipeline!$M:$M,"Red",Pipeline!$J:$J,"<>Won",Pipeline!$J:$J,"<>Lost",Pipeline!$C:$C,"<>") -> 0 | E3: =COUNTIFS(Pipeline!$B:$B,$A3,Pipeline!$J:$J,"<>Won",Pipeline!$J:$J,"<>Lost",Pipeline!$C:$C,"<>") -> 0 | F3: =SUMIFS(Pipeline!$L:$L,Pipeline!$B:$B,$A3,Pipeline!$J:$J,"<>Won",Pipeline!$J:$J,"<>Lost",Pipeline!$C:$C,"<>") -> 0 | G3: =COUNTIFS(Pipeline!$B:$B,$A3,Pipeline!$R:$R,"TODAY") -> 0 | H3: =COUNTIFS(Pipeline!$B:$B,$A3,Pipeline!$R:$R,"OVERDUE") -> 0 | I3: =COUNTIFS(Pipeline!$B:$B,$A3,Pipeline!$J:$J,"Won") -> 0
A4: Sales Agent 2 | B4: =COUNTIFS(Pipeline!$B:$B,$A4,Pipeline!$M:$M,"Green",Pipeline!$J:$J,"<>Won",Pipeline!$J:$J,"<>Lost",Pipeline!$C:$C,"<>") -> 0 | C4: =COUNTIFS(Pipeline!$B:$B,$A4,Pipeline!$M:$M,"Yellow",Pipeline!$J:$J,"<>Won",Pipeline!$J:$J,"<>Lost",Pipeline!$C:$C,"<>") -> 0 | D4: =COUNTIFS(Pipeline!$B:$B,$A4,Pipeline!$M:$M,"Red",Pipeline!$J:$J,"<>Won",Pipeline!$J:$J,"<>Lost",Pipeline!$C:$C,"<>") -> 0 | E4: =COUNTIFS(Pipeline!$B:$B,$A4,Pipeline!$J:$J,"<>Won",Pipeline!$J:$J,"<>Lost",Pipeline!$C:$C,"<>") -> 0 | F4: =SUMIFS(Pipeline!$L:$L,Pipeline!$B:$B,$A4,Pipeline!$J:$J,"<>Won",Pipeline!$J:$J,"<>Lost",Pipeline!$C:$C,"<>") -> 0 | G4: =COUNTIFS(Pipeline!$B:$B,$A4,Pipeline!$R:$R,"TODAY") -> 0 | H4: =COUNTIFS(Pipeline!$B:$B,$A4,Pipeline!$R:$R,"OVERDUE") -> 0 | I4: =COUNTIFS(Pipeline!$B:$B,$A4,Pipeline!$J:$J,"Won") -> 0
A5: All reps | B5: =COUNTIFS(Pipeline!$M:$M,"Green",Pipeline!$J:$J,"<>Won",Pipeline!$J:$J,"<>Lost",Pipeline!$C:$C,"<>") -> 0 | C5: =COUNTIFS(Pipeline!$M:$M,"Yellow",Pipeline!$J:$J,"<>Won",Pipeline!$J:$J,"<>Lost",Pipeline!$C:$C,"<>") -> 1 | D5: =COUNTIFS(Pipeline!$M:$M,"Red",Pipeline!$J:$J,"<>Won",Pipeline!$J:$J,"<>Lost",Pipeline!$C:$C,"<>") -> 0 | E5: =COUNTIFS(Pipeline!$J:$J,"<>Won",Pipeline!$J:$J,"<>Lost",Pipeline!$C:$C,"<>") -> 4 | F5: =SUMIFS(Pipeline!$L:$L,Pipeline!$J:$J,"<>Won",Pipeline!$J:$J,"<>Lost",Pipeline!$C:$C,"<>") -> 7500 | G5: =COUNTIFS(Pipeline!$R:$R,"TODAY") -> 0 | H5: =COUNTIFS(Pipeline!$R:$R,"OVERDUE") -> 0 | I5: =COUNTIFS(Pipeline!$J:$J,"Won") -> 0
A8: What's stopping open deals | B8: Open deals | C8: Of which Yellow
A9: Price | B9: =COUNTIFS(Pipeline!$N:$N,$A9,Pipeline!$J:$J,"<>Won",Pipeline!$J:$J,"<>Lost",Pipeline!$C:$C,"<>") -> 1 | C9: =COUNTIFS(Pipeline!$N:$N,$A9,Pipeline!$M:$M,"Yellow",Pipeline!$J:$J,"<>Won",Pipeline!$J:$J,"<>Lost",Pipeline!$C:$C,"<>") -> 1
A10: Timing | B10: =COUNTIFS(Pipeline!$N:$N,$A10,Pipeline!$J:$J,"<>Won",Pipeline!$J:$J,"<>Lost",Pipeline!$C:$C,"<>") -> 0 | C10: =COUNTIFS(Pipeline!$N:$N,$A10,Pipeline!$M:$M,"Yellow",Pipeline!$J:$J,"<>Won",Pipeline!$J:$J,"<>Lost",Pipeline!$C:$C,"<>") -> 0
A11: Decision maker not involved | B11: =COUNTIFS(Pipeline!$N:$N,$A11,Pipeline!$J:$J,"<>Won",Pipeline!$J:$J,"<>Lost",Pipeline!$C:$C,"<>") -> 0 | C11: =COUNTIFS(Pipeline!$N:$N,$A11,Pipeline!$M:$M,"Yellow",Pipeline!$J:$J,"<>Won",Pipeline!$J:$J,"<>Lost",Pipeline!$C:$C,"<>") -> 0
A12: Wants to see results first | B12: =COUNTIFS(Pipeline!$N:$N,$A12,Pipeline!$J:$J,"<>Won",Pipeline!$J:$J,"<>Lost",Pipeline!$C:$C,"<>") -> 0 | C12: =COUNTIFS(Pipeline!$N:$N,$A12,Pipeline!$M:$M,"Yellow",Pipeline!$J:$J,"<>Won",Pipeline!$J:$J,"<>Lost",Pipeline!$C:$C,"<>") -> 0
A13: Already has an agency | B13: =COUNTIFS(Pipeline!$N:$N,$A13,Pipeline!$J:$J,"<>Won",Pipeline!$J:$J,"<>Lost",Pipeline!$C:$C,"<>") -> 0 | C13: =COUNTIFS(Pipeline!$N:$N,$A13,Pipeline!$M:$M,"Yellow",Pipeline!$J:$J,"<>Won",Pipeline!$J:$J,"<>Lost",Pipeline!$C:$C,"<>") -> 0
A14: Doesn't want to be on camera | B14: =COUNTIFS(Pipeline!$N:$N,$A14,Pipeline!$J:$J,"<>Won",Pipeline!$J:$J,"<>Lost",Pipeline!$C:$C,"<>") -> 0 | C14: =COUNTIFS(Pipeline!$N:$N,$A14,Pipeline!$M:$M,"Yellow",Pipeline!$J:$J,"<>Won",Pipeline!$J:$J,"<>Lost",Pipeline!$C:$C,"<>") -> 0
A15: No reply | B15: =COUNTIFS(Pipeline!$N:$N,$A15,Pipeline!$J:$J,"<>Won",Pipeline!$J:$J,"<>Lost",Pipeline!$C:$C,"<>") -> 0 | C15: =COUNTIFS(Pipeline!$N:$N,$A15,Pipeline!$M:$M,"Yellow",Pipeline!$J:$J,"<>Won",Pipeline!$J:$J,"<>Lost",Pipeline!$C:$C,"<>") -> 0
A16: Other | B16: =COUNTIFS(Pipeline!$N:$N,$A16,Pipeline!$J:$J,"<>Won",Pipeline!$J:$J,"<>Lost",Pipeline!$C:$C,"<>") -> 0 | C16: =COUNTIFS(Pipeline!$N:$N,$A16,Pipeline!$M:$M,"Yellow",Pipeline!$J:$J,"<>Won",Pipeline!$J:$J,"<>Lost",Pipeline!$C:$C,"<>") -> 0
A17: None | B17: =COUNTIFS(Pipeline!$N:$N,$A17,Pipeline!$J:$J,"<>Won",Pipeline!$J:$J,"<>Lost",Pipeline!$C:$C,"<>") -> 0 | C17: =COUNTIFS(Pipeline!$N:$N,$A17,Pipeline!$M:$M,"Yellow",Pipeline!$J:$J,"<>Won",Pipeline!$J:$J,"<>Lost",Pipeline!$C:$C,"<>") -> 0

Sheet Lists
A1: Reps | B1: Stage | C1: Likelihood | D1: What's stopping them | E1: Source | F1: Package | G1: Package fee (AED)
A2: Usama Rehman | B2: New lead | C2: Green | D2: None | E2: Cold call | F2: Launch | G2: 5000
A3: Sales Agent 1 | B3: Contacted | C3: Yellow | D3: Price | E3: WhatsApp | F3: Growth | G3: 7500
A4: Sales Agent 2 | B4: Meeting booked | C4: Red | D4: Timing | E4: Walk-in | F4: Scale | G4: 10000
B5: Meeting done | D5: Decision maker not involved | E5: Referral | F5: Not decided | G5: 0
B6: Free video booked | D6: Wants to see results first | E6: Instagram
B7: Free video delivered | D7: Already has an agency | E7: Other
B8: Proposal sent | D8: Doesn't want to be on camera
B9: Won | D9: No reply
B10: Lost | D10: Other
