Workbook

Sheet How to use
B2: Yontro Content & Uploads (our own pages)
B4: Owner: Lianna Gozmao. Only Lianna records and edits data. Azeem: comment access, plus edit on Calendar columns F-J. Sahill: view only.
B5: Pages: Sahill (founder), yontro.ae, Founder Tales. Each posts at least 3 videos a day (set in Settings, Variables tab).
B7: Tabs:
B8: Calendar - the plan: one row per page, per day, per slot. Azeem fills idea, file name and status; Lianna checks.
B9: Uploads - one row per video that went live, with its numbers at 24 hours and 7 days.
B10: AB Tests - one row per test (2 tests per page per day). Enter A and B results; the winner is calculated.
B11: Constants - every winning change, adopted from the test that proved it. Every new video must follow all Active constants.
B12: Variables - the list of things we test, plus Settings (minimum views, winning margin, videos per day).
B13: Page KPIs - weekly totals per page, calculated from Uploads and AB Tests.
B14: Team KPIs - weekly scorecard for Azeem and Lianna.
B16: Daily routine (see SOP 4):
... B26: Grey italic row 2 on each tab = EXAMPLE showing the format. Delete it once real data starts.

Sheet Calendar
A1: Date | B1: Page | C1: Slot | D1: Post time | E1: Test video? (Y/N) | F1: Video idea and hook (first 2 seconds) | G1: Bucket | H1: Variable tested (if test) | I1: File name | J1: Status | K1: Notes
A2: 46321 | B2: Founder Tales | C2: 1 | D2: 0.5 | E2: Y | F2: EXAMPLE: How a noodle inventor failed at 48 and built a global brand. Hook: 'He lost everything at 48.' | G2: Reach | H2: Hook line | I2: FT_20261026_1_A | J2: Posted
A3: 46322 | B3: Sahill | C3: 1 | D3: 0.5 | E3: Y | J3: Planned
A4: 46322 | B4: Sahill | C4: 2 | D4: 0.70833333 | E4: Y | J4: Planned
A5: 46322 | B5: Sahill | C5: 3 | D5: 0.875 | E5: N | J5: Planned
A6: 46322 | B6: yontro.ae | C6: 1 | D6: 0.5 | E6: Y | J6: Planned
A7: 46322 | B7: yontro.ae | C7: 2 | D7: 0.70833333 | E7: Y | J7: Planned
A8: 46322 | B8: yontro.ae | C8: 3 | D8: 0.875 | E8: N | J8: Planned
A9: 46322 | B9: Founder Tales | C9: 1 | D9: 0.5 | E9: Y | J9: Planned
A10: 46322 | B10: Founder Tales | C10: 2 | D10: 0.70833333 | E10: Y | J10: Planned
A11: 46322 | B11: Founder Tales | C11: 3 | D11: 0.875 | E11: N | J11: Planned
A12: 46323 | B12: Sahill | C12: 1 | D12: 0.5 | E12: Y | J12: Planned
A13: 46323 | B13: Sahill | C13: 2 | D13: 0.70833333 | E13: Y | J13: Planned
A14: 46323 | B14: Sahill | C14: 3 | D14: 0.875 | E14: N | J14: Planned
... A128: 46335 | B128: Founder Tales | C128: 3 | D128: 0.875 | E128: N | J128: Planned

Sheet Uploads
A1: Date posted | B1: Page | C1: Slot | D1: Video title | E1: Bucket | F1: Winner of test ID (if any) | G1: Follows all constants? (Y/N) | H1: Made by | I1: Link | J1: Views 24 h | K1: Avg watch % 24 h | L1: Likes | M1: Comments | N1: Shares | O1: Saves | P1: Follows | Q1: DMs / leads | R1: Views 7 d | S1: Engagement rate | T1: Notes
A2: 46320 | B2: Founder Tales | C2: 1 | D2: EXAMPLE: He lost everything at 48 | E2: Reach | F2: T-20261024-FT-1 | G2: Y | H2: Azeem | I2: instagram.com/reel/... | J2: 3200 | K2: 0.41 | L2: 180 | M2: 22 | N2: 35 | O2: 40 | P2: 28 | Q2: 2 | R2: 9100 | S2: =IF(OR(J2="",J2=0),"",(L2+M2+N2+O2)/J2) -> 0.0865625 | T2: Hook line constant applied
S3: =IF(OR(J3="",J3=0),"",(L3+M3+N3+O3)/J3)
S4: =IF(OR(J4="",J4=0),"",(L4+M4+N4+O4)/J4)
S5: =IF(OR(J5="",J5=0),"",(L5+M5+N5+O5)/J5)
S6: =IF(OR(J6="",J6=0),"",(L6+M6+N6+O6)/J6)
S7: =IF(OR(J7="",J7=0),"",(L7+M7+N7+O7)/J7)
S8: =IF(OR(J8="",J8=0),"",(L8+M8+N8+O8)/J8)
S9: =IF(OR(J9="",J9=0),"",(L9+M9+N9+O9)/J9)
S10: =IF(OR(J10="",J10=0),"",(L10+M10+N10+O10)/J10)
S11: =IF(OR(J11="",J11=0),"",(L11+M11+N11+O11)/J11)
S12: =IF(OR(J12="",J12=0),"",(L12+M12+N12+O12)/J12)
S13: =IF(OR(J13="",J13=0),"",(L13+M13+N13+O13)/J13)
S14: =IF(OR(J14="",J14=0),"",(L14+M14+N14+O14)/J14)
... S401: =IF(OR(J401="",J401=0),"",(L401+M401+N401+O401)/J401)

Sheet AB Tests
A1: Test ID | B1: Date posted as trial | C1: Page | D1: Video | E1: Variable tested | F1: Version A (current constants) | G1: Version B (the ONE change) | H1: A views | I1: A avg watch % | J1: A shares | K1: A saves | L1: B views | M1: B avg watch % | N1: B shares | O1: B saves | P1: Min views met? | Q1: B lift on watch % | R1: Winner | S1: New constant? | T1: Winner live on (date) | U1: Notes
A2: T-20261024-FT-1 | B2: 46319 | C2: Founder Tales | D2: EXAMPLE: He lost everything at 48 | E2: Hook line | F2: Hook: 'This is the story of Momofuku Ando' | G2: Hook: 'He lost everything at 48' | H2: 900 | I2: 0.32 | J2: 10 | K2: 12 | L2: 950 | M2: 0.39 | N2: 18 | O2: 15 | P2: =IF(OR(H2="",L2=""),"",IF(AND(H2>=Variables!$E$2,L2>=Variables!$E$2),"Yes","No")) -> Yes | Q2: =IF(OR(I2="",M2="",I2=0),"",(M2-I2)/I2) -> 0.21875 | R2: =IF(P2="","",IF(P2="No","Extend 24 h",IF(Q2>=Variables!$E$3,"B","A"))) -> B | S2: =IF(R2="B","Yes: add to Constants",IF(R2="A","No","")) -> Yes: add to Constants | T2: 46320
P3: =IF(OR(H3="",L3=""),"",IF(AND(H3>=Variables!$E$2,L3>=Variables!$E$2),"Yes","No")) | Q3: =IF(OR(I3="",M3="",I3=0),"",(M3-I3)/I3) | R3: =IF(P3="","",IF(P3="No","Extend 24 h",IF(Q3>=Variables!$E$3,"B","A"))) | S3: =IF(R3="B","Yes: add to Constants",IF(R3="A","No",""))
P4: =IF(OR(H4="",L4=""),"",IF(AND(H4>=Variables!$E$2,L4>=Variables!$E$2),"Yes","No")) | Q4: =IF(OR(I4="",M4="",I4=0),"",(M4-I4)/I4) | R4: =IF(P4="","",IF(P4="No","Extend 24 h",IF(Q4>=Variables!$E$3,"B","A"))) | S4: =IF(R4="B","Yes: add to Constants",IF(R4="A","No",""))
P5: =IF(OR(H5="",L5=""),"",IF(AND(H5>=Variables!$E$2,L5>=Variables!$E$2),"Yes","No")) | Q5: =IF(OR(I5="",M5="",I5=0),"",(M5-I5)/I5) | R5: =IF(P5="","",IF(P5="No","Extend 24 h",IF(Q5>=Variables!$E$3,"B","A"))) | S5: =IF(R5="B","Yes: add to Constants",IF(R5="A","No",""))
P6: =IF(OR(H6="",L6=""),"",IF(AND(H6>=Variables!$E$2,L6>=Variables!$E$2),"Yes","No")) | Q6: =IF(OR(I6="",M6="",I6=0),"",(M6-I6)/I6) | R6: =IF(P6="","",IF(P6="No","Extend 24 h",IF(Q6>=Variables!$E$3,"B","A"))) | S6: =IF(R6="B","Yes: add to Constants",IF(R6="A","No",""))
P7: =IF(OR(H7="",L7=""),"",IF(AND(H7>=Variables!$E$2,L7>=Variables!$E$2),"Yes","No")) | Q7: =IF(OR(I7="",M7="",I7=0),"",(M7-I7)/I7) | R7: =IF(P7="","",IF(P7="No","Extend 24 h",IF(Q7>=Variables!$E$3,"B","A"))) | S7: =IF(R7="B","Yes: add to Constants",IF(R7="A","No",""))
P8: =IF(OR(H8="",L8=""),"",IF(AND(H8>=Variables!$E$2,L8>=Variables!$E$2),"Yes","No")) | Q8: =IF(OR(I8="",M8="",I8=0),"",(M8-I8)/I8) | R8: =IF(P8="","",IF(P8="No","Extend 24 h",IF(Q8>=Variables!$E$3,"B","A"))) | S8: =IF(R8="B","Yes: add to Constants",IF(R8="A","No",""))
P9: =IF(OR(H9="",L9=""),"",IF(AND(H9>=Variables!$E$2,L9>=Variables!$E$2),"Yes","No")) | Q9: =IF(OR(I9="",M9="",I9=0),"",(M9-I9)/I9) | R9: =IF(P9="","",IF(P9="No","Extend 24 h",IF(Q9>=Variables!$E$3,"B","A"))) | S9: =IF(R9="B","Yes: add to Constants",IF(R9="A","No",""))
P10: =IF(OR(H10="",L10=""),"",IF(AND(H10>=Variables!$E$2,L10>=Variables!$E$2),"Yes","No")) | Q10: =IF(OR(I10="",M10="",I10=0),"",(M10-I10)/I10) | R10: =IF(P10="","",IF(P10="No","Extend 24 h",IF(Q10>=Variables!$E$3,"B","A"))) | S10: =IF(R10="B","Yes: add to Constants",IF(R10="A","No",""))
P11: =IF(OR(H11="",L11=""),"",IF(AND(H11>=Variables!$E$2,L11>=Variables!$E$2),"Yes","No")) | Q11: =IF(OR(I11="",M11="",I11=0),"",(M11-I11)/I11) | R11: =IF(P11="","",IF(P11="No","Extend 24 h",IF(Q11>=Variables!$E$3,"B","A"))) | S11: =IF(R11="B","Yes: add to Constants",IF(R11="A","No",""))
P12: =IF(OR(H12="",L12=""),"",IF(AND(H12>=Variables!$E$2,L12>=Variables!$E$2),"Yes","No")) | Q12: =IF(OR(I12="",M12="",I12=0),"",(M12-I12)/I12) | R12: =IF(P12="","",IF(P12="No","Extend 24 h",IF(Q12>=Variables!$E$3,"B","A"))) | S12: =IF(R12="B","Yes: add to Constants",IF(R12="A","No",""))
P13: =IF(OR(H13="",L13=""),"",IF(AND(H13>=Variables!$E$2,L13>=Variables!$E$2),"Yes","No")) | Q13: =IF(OR(I13="",M13="",I13=0),"",(M13-I13)/I13) | R13: =IF(P13="","",IF(P13="No","Extend 24 h",IF(Q13>=Variables!$E$3,"B","A"))) | S13: =IF(R13="B","Yes: add to Constants",IF(R13="A","No",""))
P14: =IF(OR(H14="",L14=""),"",IF(AND(H14>=Variables!$E$2,L14>=Variables!$E$2),"Yes","No")) | Q14: =IF(OR(I14="",M14="",I14=0),"",(M14-I14)/I14) | R14: =IF(P14="","",IF(P14="No","Extend 24 h",IF(Q14>=Variables!$E$3,"B","A"))) | S14: =IF(R14="B","Yes: add to Constants",IF(R14="A","No",""))
... P401: =IF(OR(H401="",L401=""),"",IF(AND(H401>=Variables!$E$2,L401>=Variables!$E$2),"Yes","No")) | Q401: =IF(OR(I401="",M401="",I401=0),"",(M401-I401)/I401) | R401: =IF(P401="","",IF(P401="No","Extend 24 h",IF(Q401>=Variables!$E$3,"B","A"))) | S401: =IF(R401="B","Yes: add to Constants",IF(R401="A","No",""))

Sheet Constants
A1: # | B1: Date adopted | C1: Variable | D1: The rule every video now follows | E1: Applies to page(s) | F1: Proven by test ID | G1: Lift in that test | H1: Status | I1: Retired on | J1: Replaced by # | K1: Notes
A2: 1 | B2: 46320 | C2: Hook line | D2: EXAMPLE: Open on the turning point ('He lost everything at 48'), not the name | E2: Founder Tales | F2: T-20261024-FT-1 | G2: =IF(F2="","",IFERROR(INDEX('AB Tests'!$Q:$Q,MATCH(F2,'AB Tests'!$A:$A,0)),"")) -> 0.21875 | H2: Active
G3: =IF(F3="","",IFERROR(INDEX('AB Tests'!$Q:$Q,MATCH(F3,'AB Tests'!$A:$A,0)),""))
G4: =IF(F4="","",IFERROR(INDEX('AB Tests'!$Q:$Q,MATCH(F4,'AB Tests'!$A:$A,0)),""))
G5: =IF(F5="","",IFERROR(INDEX('AB Tests'!$Q:$Q,MATCH(F5,'AB Tests'!$A:$A,0)),""))
G6: =IF(F6="","",IFERROR(INDEX('AB Tests'!$Q:$Q,MATCH(F6,'AB Tests'!$A:$A,0)),""))
G7: =IF(F7="","",IFERROR(INDEX('AB Tests'!$Q:$Q,MATCH(F7,'AB Tests'!$A:$A,0)),""))
G8: =IF(F8="","",IFERROR(INDEX('AB Tests'!$Q:$Q,MATCH(F8,'AB Tests'!$A:$A,0)),""))
G9: =IF(F9="","",IFERROR(INDEX('AB Tests'!$Q:$Q,MATCH(F9,'AB Tests'!$A:$A,0)),""))
G10: =IF(F10="","",IFERROR(INDEX('AB Tests'!$Q:$Q,MATCH(F10,'AB Tests'!$A:$A,0)),""))
G11: =IF(F11="","",IFERROR(INDEX('AB Tests'!$Q:$Q,MATCH(F11,'AB Tests'!$A:$A,0)),""))
G12: =IF(F12="","",IFERROR(INDEX('AB Tests'!$Q:$Q,MATCH(F12,'AB Tests'!$A:$A,0)),""))
G13: =IF(F13="","",IFERROR(INDEX('AB Tests'!$Q:$Q,MATCH(F13,'AB Tests'!$A:$A,0)),""))
G14: =IF(F14="","",IFERROR(INDEX('AB Tests'!$Q:$Q,MATCH(F14,'AB Tests'!$A:$A,0)),""))
... G151: =IF(F151="","",IFERROR(INDEX('AB Tests'!$Q:$Q,MATCH(F151,'AB Tests'!$A:$A,0)),""))

Sheet Page KPIs
A1: Week start (Mon) | B1: Week end | C1: Page | D1: Videos posted | E1: Target | F1: % of target | G1: Tests run | H1: B wins (new constants) | I1: Total views 24 h | J1: Avg views per video | K1: Avg watch % | L1: Shares | M1: Follows | N1: DMs / leads
A2: 46321 | B2: =IF(A2="","",A2+6) -> 46327 | C2: Sahill | D2: =IF(A2="","",COUNTIFS(Uploads!$B:$B,$C2,Uploads!$A:$A,">="&$A2,Uploads!$A:$A,"<="&$B2)) -> 0 | E2: =IF(A2="","",Variables!$E$4*7) -> 21 | F2: =IF(OR(A2="",E2=0),"",D2/E2) -> 0 | G2: =IF(A2="","",COUNTIFS('AB Tests'!$C:$C,$C2,'AB Tests'!$B:$B,">="&$A2,'AB Tests'!$B:$B,"<="&$B2)) -> 0 | H2: =IF(A2="","",COUNTIFS('AB Tests'!$C:$C,$C2,'AB Tests'!$B:$B,">="&$A2,'AB Tests'!$B:$B,"<="&$B2,'AB Tests'!$R:$R,"B")) -> 0 | I2: =IF(A2="","",SUMIFS(Uploads!$J:$J,Uploads!$B:$B,$C2,Uploads!$A:$A,">="&$A2,Uploads!$A:$A,"<="&$B2)) -> 0 | J2: =IF(OR(A2="",D2=0),"",I2/D2) | K2: =IF(A2="","",IFERROR(AVERAGEIFS(Uploads!$K:$K,Uploads!$B:$B,$C2,Uploads!$A:$A,">="&$A2,Uploads!$A:$A,"<="&$B2),"")) | L2: =IF(A2="","",SUMIFS(Uploads!$N:$N,Uploads!$B:$B,$C2,Uploads!$A:$A,">="&$A2,Uploads!$A:$A,"<="&$B2)) -> 0 | M2: =IF(A2="","",SUMIFS(Uploads!$P:$P,Uploads!$B:$B,$C2,Uploads!$A:$A,">="&$A2,Uploads!$A:$A,"<="&$B2)) -> 0 | N2: =IF(A2="","",SUMIFS(Uploads!$Q:$Q,Uploads!$B:$B,$C2,Uploads!$A:$A,">="&$A2,Uploads!$A:$A,"<="&$B2)) -> 0
A3: 46321 | B3: =IF(A3="","",A3+6) -> 46327 | C3: yontro.ae | D3: =IF(A3="","",COUNTIFS(Uploads!$B:$B,$C3,Uploads!$A:$A,">="&$A3,Uploads!$A:$A,"<="&$B3)) -> 0 | E3: =IF(A3="","",Variables!$E$4*7) -> 21 | F3: =IF(OR(A3="",E3=0),"",D3/E3) -> 0 | G3: =IF(A3="","",COUNTIFS('AB Tests'!$C:$C,$C3,'AB Tests'!$B:$B,">="&$A3,'AB Tests'!$B:$B,"<="&$B3)) -> 0 | H3: =IF(A3="","",COUNTIFS('AB Tests'!$C:$C,$C3,'AB Tests'!$B:$B,">="&$A3,'AB Tests'!$B:$B,"<="&$B3,'AB Tests'!$R:$R,"B")) -> 0 | I3: =IF(A3="","",SUMIFS(Uploads!$J:$J,Uploads!$B:$B,$C3,Uploads!$A:$A,">="&$A3,Uploads!$A:$A,"<="&$B3)) -> 0 | J3: =IF(OR(A3="",D3=0),"",I3/D3) | K3: =IF(A3="","",IFERROR(AVERAGEIFS(Uploads!$K:$K,Uploads!$B:$B,$C3,Uploads!$A:$A,">="&$A3,Uploads!$A:$A,"<="&$B3),"")) | L3: =IF(A3="","",SUMIFS(Uploads!$N:$N,Uploads!$B:$B,$C3,Uploads!$A:$A,">="&$A3,Uploads!$A:$A,"<="&$B3)) -> 0 | M3: =IF(A3="","",SUMIFS(Uploads!$P:$P,Uploads!$B:$B,$C3,Uploads!$A:$A,">="&$A3,Uploads!$A:$A,"<="&$B3)) -> 0 | N3: =IF(A3="","",SUMIFS(Uploads!$Q:$Q,Uploads!$B:$B,$C3,Uploads!$A:$A,">="&$A3,Uploads!$A:$A,"<="&$B3)) -> 0
A4: 46321 | B4: =IF(A4="","",A4+6) -> 46327 | C4: Founder Tales | D4: =IF(A4="","",COUNTIFS(Uploads!$B:$B,$C4,Uploads!$A:$A,">="&$A4,Uploads!$A:$A,"<="&$B4)) -> 0 | E4: =IF(A4="","",Variables!$E$4*7) -> 21 | F4: =IF(OR(A4="",E4=0),"",D4/E4) -> 0 | G4: =IF(A4="","",COUNTIFS('AB Tests'!$C:$C,$C4,'AB Tests'!$B:$B,">="&$A4,'AB Tests'!$B:$B,"<="&$B4)) -> 0 | H4: =IF(A4="","",COUNTIFS('AB Tests'!$C:$C,$C4,'AB Tests'!$B:$B,">="&$A4,'AB Tests'!$B:$B,"<="&$B4,'AB Tests'!$R:$R,"B")) -> 0 | I4: =IF(A4="","",SUMIFS(Uploads!$J:$J,Uploads!$B:$B,$C4,Uploads!$A:$A,">="&$A4,Uploads!$A:$A,"<="&$B4)) -> 0 | J4: =IF(OR(A4="",D4=0),"",I4/D4) | K4: =IF(A4="","",IFERROR(AVERAGEIFS(Uploads!$K:$K,Uploads!$B:$B,$C4,Uploads!$A:$A,">="&$A4,Uploads!$A:$A,"<="&$B4),"")) | L4: =IF(A4="","",SUMIFS(Uploads!$N:$N,Uploads!$B:$B,$C4,Uploads!$A:$A,">="&$A4,Uploads!$A:$A,"<="&$B4)) -> 0 | M4: =IF(A4="","",SUMIFS(Uploads!$P:$P,Uploads!$B:$B,$C4,Uploads!$A:$A,">="&$A4,Uploads!$A:$A,"<="&$B4)) -> 0 | N4: =IF(A4="","",SUMIFS(Uploads!$Q:$Q,Uploads!$B:$B,$C4,Uploads!$A:$A,">="&$A4,Uploads!$A:$A,"<="&$B4)) -> 0
A5: 46328 | B5: =IF(A5="","",A5+6) -> 46334 | C5: Sahill | D5: =IF(A5="","",COUNTIFS(Uploads!$B:$B,$C5,Uploads!$A:$A,">="&$A5,Uploads!$A:$A,"<="&$B5)) -> 0 | E5: =IF(A5="","",Variables!$E$4*7) -> 21 | F5: =IF(OR(A5="",E5=0),"",D5/E5) -> 0 | G5: =IF(A5="","",COUNTIFS('AB Tests'!$C:$C,$C5,'AB Tests'!$B:$B,">="&$A5,'AB Tests'!$B:$B,"<="&$B5)) -> 0 | H5: =IF(A5="","",COUNTIFS('AB Tests'!$C:$C,$C5,'AB Tests'!$B:$B,">="&$A5,'AB Tests'!$B:$B,"<="&$B5,'AB Tests'!$R:$R,"B")) -> 0 | I5: =IF(A5="","",SUMIFS(Uploads!$J:$J,Uploads!$B:$B,$C5,Uploads!$A:$A,">="&$A5,Uploads!$A:$A,"<="&$B5)) -> 0 | J5: =IF(OR(A5="",D5=0),"",I5/D5) | K5: =IF(A5="","",IFERROR(AVERAGEIFS(Uploads!$K:$K,Uploads!$B:$B,$C5,Uploads!$A:$A,">="&$A5,Uploads!$A:$A,"<="&$B5),"")) | L5: =IF(A5="","",SUMIFS(Uploads!$N:$N,Uploads!$B:$B,$C5,Uploads!$A:$A,">="&$A5,Uploads!$A:$A,"<="&$B5)) -> 0 | M5: =IF(A5="","",SUMIFS(Uploads!$P:$P,Uploads!$B:$B,$C5,Uploads!$A:$A,">="&$A5,Uploads!$A:$A,"<="&$B5)) -> 0 | N5: =IF(A5="","",SUMIFS(Uploads!$Q:$Q,Uploads!$B:$B,$C5,Uploads!$A:$A,">="&$A5,Uploads!$A:$A,"<="&$B5)) -> 0
A6: 46328 | B6: =IF(A6="","",A6+6) -> 46334 | C6: yontro.ae | D6: =IF(A6="","",COUNTIFS(Uploads!$B:$B,$C6,Uploads!$A:$A,">="&$A6,Uploads!$A:$A,"<="&$B6)) -> 0 | E6: =IF(A6="","",Variables!$E$4*7) -> 21 | F6: =IF(OR(A6="",E6=0),"",D6/E6) -> 0 | G6: =IF(A6="","",COUNTIFS('AB Tests'!$C:$C,$C6,'AB Tests'!$B:$B,">="&$A6,'AB Tests'!$B:$B,"<="&$B6)) -> 0 | H6: =IF(A6="","",COUNTIFS('AB Tests'!$C:$C,$C6,'AB Tests'!$B:$B,">="&$A6,'AB Tests'!$B:$B,"<="&$B6,'AB Tests'!$R:$R,"B")) -> 0 | I6: =IF(A6="","",SUMIFS(Uploads!$J:$J,Uploads!$B:$B,$C6,Uploads!$A:$A,">="&$A6,Uploads!$A:$A,"<="&$B6)) -> 0 | J6: =IF(OR(A6="",D6=0),"",I6/D6) | K6: =IF(A6="","",IFERROR(AVERAGEIFS(Uploads!$K:$K,Uploads!$B:$B,$C6,Uploads!$A:$A,">="&$A6,Uploads!$A:$A,"<="&$B6),"")) | L6: =IF(A6="","",SUMIFS(Uploads!$N:$N,Uploads!$B:$B,$C6,Uploads!$A:$A,">="&$A6,Uploads!$A:$A,"<="&$B6)) -> 0 | M6: =IF(A6="","",SUMIFS(Uploads!$P:$P,Uploads!$B:$B,$C6,Uploads!$A:$A,">="&$A6,Uploads!$A:$A,"<="&$B6)) -> 0 | N6: =IF(A6="","",SUMIFS(Uploads!$Q:$Q,Uploads!$B:$B,$C6,Uploads!$A:$A,">="&$A6,Uploads!$A:$A,"<="&$B6)) -> 0
A7: 46328 | B7: =IF(A7="","",A7+6) -> 46334 | C7: Founder Tales | D7: =IF(A7="","",COUNTIFS(Uploads!$B:$B,$C7,Uploads!$A:$A,">="&$A7,Uploads!$A:$A,"<="&$B7)) -> 0 | E7: =IF(A7="","",Variables!$E$4*7) -> 21 | F7: =IF(OR(A7="",E7=0),"",D7/E7) -> 0 | G7: =IF(A7="","",COUNTIFS('AB Tests'!$C:$C,$C7,'AB Tests'!$B:$B,">="&$A7,'AB Tests'!$B:$B,"<="&$B7)) -> 0 | H7: =IF(A7="","",COUNTIFS('AB Tests'!$C:$C,$C7,'AB Tests'!$B:$B,">="&$A7,'AB Tests'!$B:$B,"<="&$B7,'AB Tests'!$R:$R,"B")) -> 0 | I7: =IF(A7="","",SUMIFS(Uploads!$J:$J,Uploads!$B:$B,$C7,Uploads!$A:$A,">="&$A7,Uploads!$A:$A,"<="&$B7)) -> 0 | J7: =IF(OR(A7="",D7=0),"",I7/D7) | K7: =IF(A7="","",IFERROR(AVERAGEIFS(Uploads!$K:$K,Uploads!$B:$B,$C7,Uploads!$A:$A,">="&$A7,Uploads!$A:$A,"<="&$B7),"")) | L7: =IF(A7="","",SUMIFS(Uploads!$N:$N,Uploads!$B:$B,$C7,Uploads!$A:$A,">="&$A7,Uploads!$A:$A,"<="&$B7)) -> 0 | M7: =IF(A7="","",SUMIFS(Uploads!$P:$P,Uploads!$B:$B,$C7,Uploads!$A:$A,">="&$A7,Uploads!$A:$A,"<="&$B7)) -> 0 | N7: =IF(A7="","",SUMIFS(Uploads!$Q:$Q,Uploads!$B:$B,$C7,Uploads!$A:$A,">="&$A7,Uploads!$A:$A,"<="&$B7)) -> 0
A8: 46335 | B8: =IF(A8="","",A8+6) -> 46341 | C8: Sahill | D8: =IF(A8="","",COUNTIFS(Uploads!$B:$B,$C8,Uploads!$A:$A,">="&$A8,Uploads!$A:$A,"<="&$B8)) -> 0 | E8: =IF(A8="","",Variables!$E$4*7) -> 21 | F8: =IF(OR(A8="",E8=0),"",D8/E8) -> 0 | G8: =IF(A8="","",COUNTIFS('AB Tests'!$C:$C,$C8,'AB Tests'!$B:$B,">="&$A8,'AB Tests'!$B:$B,"<="&$B8)) -> 0 | H8: =IF(A8="","",COUNTIFS('AB Tests'!$C:$C,$C8,'AB Tests'!$B:$B,">="&$A8,'AB Tests'!$B:$B,"<="&$B8,'AB Tests'!$R:$R,"B")) -> 0 | I8: =IF(A8="","",SUMIFS(Uploads!$J:$J,Uploads!$B:$B,$C8,Uploads!$A:$A,">="&$A8,Uploads!$A:$A,"<="&$B8)) -> 0 | J8: =IF(OR(A8="",D8=0),"",I8/D8) | K8: =IF(A8="","",IFERROR(AVERAGEIFS(Uploads!$K:$K,Uploads!$B:$B,$C8,Uploads!$A:$A,">="&$A8,Uploads!$A:$A,"<="&$B8),"")) | L8: =IF(A8="","",SUMIFS(Uploads!$N:$N,Uploads!$B:$B,$C8,Uploads!$A:$A,">="&$A8,Uploads!$A:$A,"<="&$B8)) -> 0 | M8: =IF(A8="","",SUMIFS(Uploads!$P:$P,Uploads!$B:$B,$C8,Uploads!$A:$A,">="&$A8,Uploads!$A:$A,"<="&$B8)) -> 0 | N8: =IF(A8="","",SUMIFS(Uploads!$Q:$Q,Uploads!$B:$B,$C8,Uploads!$A:$A,">="&$A8,Uploads!$A:$A,"<="&$B8)) -> 0
A9: 46335 | B9: =IF(A9="","",A9+6) -> 46341 | C9: yontro.ae | D9: =IF(A9="","",COUNTIFS(Uploads!$B:$B,$C9,Uploads!$A:$A,">="&$A9,Uploads!$A:$A,"<="&$B9)) -> 0 | E9: =IF(A9="","",Variables!$E$4*7) -> 21 | F9: =IF(OR(A9="",E9=0),"",D9/E9) -> 0 | G9: =IF(A9="","",COUNTIFS('AB Tests'!$C:$C,$C9,'AB Tests'!$B:$B,">="&$A9,'AB Tests'!$B:$B,"<="&$B9)) -> 0 | H9: =IF(A9="","",COUNTIFS('AB Tests'!$C:$C,$C9,'AB Tests'!$B:$B,">="&$A9,'AB Tests'!$B:$B,"<="&$B9,'AB Tests'!$R:$R,"B")) -> 0 | I9: =IF(A9="","",SUMIFS(Uploads!$J:$J,Uploads!$B:$B,$C9,Uploads!$A:$A,">="&$A9,Uploads!$A:$A,"<="&$B9)) -> 0 | J9: =IF(OR(A9="",D9=0),"",I9/D9) | K9: =IF(A9="","",IFERROR(AVERAGEIFS(Uploads!$K:$K,Uploads!$B:$B,$C9,Uploads!$A:$A,">="&$A9,Uploads!$A:$A,"<="&$B9),"")) | L9: =IF(A9="","",SUMIFS(Uploads!$N:$N,Uploads!$B:$B,$C9,Uploads!$A:$A,">="&$A9,Uploads!$A:$A,"<="&$B9)) -> 0 | M9: =IF(A9="","",SUMIFS(Uploads!$P:$P,Uploads!$B:$B,$C9,Uploads!$A:$A,">="&$A9,Uploads!$A:$A,"<="&$B9)) -> 0 | N9: =IF(A9="","",SUMIFS(Uploads!$Q:$Q,Uploads!$B:$B,$C9,Uploads!$A:$A,">="&$A9,Uploads!$A:$A,"<="&$B9)) -> 0
A10: 46335 | B10: =IF(A10="","",A10+6) -> 46341 | C10: Founder Tales | D10: =IF(A10="","",COUNTIFS(Uploads!$B:$B,$C10,Uploads!$A:$A,">="&$A10,Uploads!$A:$A,"<="&$B10)) -> 0 | E10: =IF(A10="","",Variables!$E$4*7) -> 21 | F10: =IF(OR(A10="",E10=0),"",D10/E10) -> 0 | G10: =IF(A10="","",COUNTIFS('AB Tests'!$C:$C,$C10,'AB Tests'!$B:$B,">="&$A10,'AB Tests'!$B:$B,"<="&$B10)) -> 0 | H10: =IF(A10="","",COUNTIFS('AB Tests'!$C:$C,$C10,'AB Tests'!$B:$B,">="&$A10,'AB Tests'!$B:$B,"<="&$B10,'AB Tests'!$R:$R,"B")) -> 0 | I10: =IF(A10="","",SUMIFS(Uploads!$J:$J,Uploads!$B:$B,$C10,Uploads!$A:$A,">="&$A10,Uploads!$A:$A,"<="&$B10)) -> 0 | J10: =IF(OR(A10="",D10=0),"",I10/D10) | K10: =IF(A10="","",IFERROR(AVERAGEIFS(Uploads!$K:$K,Uploads!$B:$B,$C10,Uploads!$A:$A,">="&$A10,Uploads!$A:$A,"<="&$B10),"")) | L10: =IF(A10="","",SUMIFS(Uploads!$N:$N,Uploads!$B:$B,$C10,Uploads!$A:$A,">="&$A10,Uploads!$A:$A,"<="&$B10)) -> 0 | M10: =IF(A10="","",SUMIFS(Uploads!$P:$P,Uploads!$B:$B,$C10,Uploads!$A:$A,">="&$A10,Uploads!$A:$A,"<="&$B10)) -> 0 | N10: =IF(A10="","",SUMIFS(Uploads!$Q:$Q,Uploads!$B:$B,$C10,Uploads!$A:$A,">="&$A10,Uploads!$A:$A,"<="&$B10)) -> 0
A11: 46342 | B11: =IF(A11="","",A11+6) -> 46348 | C11: Sahill | D11: =IF(A11="","",COUNTIFS(Uploads!$B:$B,$C11,Uploads!$A:$A,">="&$A11,Uploads!$A:$A,"<="&$B11)) -> 0 | E11: =IF(A11="","",Variables!$E$4*7) -> 21 | F11: =IF(OR(A11="",E11=0),"",D11/E11) -> 0 | G11: =IF(A11="","",COUNTIFS('AB Tests'!$C:$C,$C11,'AB Tests'!$B:$B,">="&$A11,'AB Tests'!$B:$B,"<="&$B11)) -> 0 | H11: =IF(A11="","",COUNTIFS('AB Tests'!$C:$C,$C11,'AB Tests'!$B:$B,">="&$A11,'AB Tests'!$B:$B,"<="&$B11,'AB Tests'!$R:$R,"B")) -> 0 | I11: =IF(A11="","",SUMIFS(Uploads!$J:$J,Uploads!$B:$B,$C11,Uploads!$A:$A,">="&$A11,Uploads!$A:$A,"<="&$B11)) -> 0 | J11: =IF(OR(A11="",D11=0),"",I11/D11) | K11: =IF(A11="","",IFERROR(AVERAGEIFS(Uploads!$K:$K,Uploads!$B:$B,$C11,Uploads!$A:$A,">="&$A11,Uploads!$A:$A,"<="&$B11),"")) | L11: =IF(A11="","",SUMIFS(Uploads!$N:$N,Uploads!$B:$B,$C11,Uploads!$A:$A,">="&$A11,Uploads!$A:$A,"<="&$B11)) -> 0 | M11: =IF(A11="","",SUMIFS(Uploads!$P:$P,Uploads!$B:$B,$C11,Uploads!$A:$A,">="&$A11,Uploads!$A:$A,"<="&$B11)) -> 0 | N11: =IF(A11="","",SUMIFS(Uploads!$Q:$Q,Uploads!$B:$B,$C11,Uploads!$A:$A,">="&$A11,Uploads!$A:$A,"<="&$B11)) -> 0
A12: 46342 | B12: =IF(A12="","",A12+6) -> 46348 | C12: yontro.ae | D12: =IF(A12="","",COUNTIFS(Uploads!$B:$B,$C12,Uploads!$A:$A,">="&$A12,Uploads!$A:$A,"<="&$B12)) -> 0 | E12: =IF(A12="","",Variables!$E$4*7) -> 21 | F12: =IF(OR(A12="",E12=0),"",D12/E12) -> 0 | G12: =IF(A12="","",COUNTIFS('AB Tests'!$C:$C,$C12,'AB Tests'!$B:$B,">="&$A12,'AB Tests'!$B:$B,"<="&$B12)) -> 0 | H12: =IF(A12="","",COUNTIFS('AB Tests'!$C:$C,$C12,'AB Tests'!$B:$B,">="&$A12,'AB Tests'!$B:$B,"<="&$B12,'AB Tests'!$R:$R,"B")) -> 0 | I12: =IF(A12="","",SUMIFS(Uploads!$J:$J,Uploads!$B:$B,$C12,Uploads!$A:$A,">="&$A12,Uploads!$A:$A,"<="&$B12)) -> 0 | J12: =IF(OR(A12="",D12=0),"",I12/D12) | K12: =IF(A12="","",IFERROR(AVERAGEIFS(Uploads!$K:$K,Uploads!$B:$B,$C12,Uploads!$A:$A,">="&$A12,Uploads!$A:$A,"<="&$B12),"")) | L12: =IF(A12="","",SUMIFS(Uploads!$N:$N,Uploads!$B:$B,$C12,Uploads!$A:$A,">="&$A12,Uploads!$A:$A,"<="&$B12)) -> 0 | M12: =IF(A12="","",SUMIFS(Uploads!$P:$P,Uploads!$B:$B,$C12,Uploads!$A:$A,">="&$A12,Uploads!$A:$A,"<="&$B12)) -> 0 | N12: =IF(A12="","",SUMIFS(Uploads!$Q:$Q,Uploads!$B:$B,$C12,Uploads!$A:$A,">="&$A12,Uploads!$A:$A,"<="&$B12)) -> 0
A13: 46342 | B13: =IF(A13="","",A13+6) -> 46348 | C13: Founder Tales | D13: =IF(A13="","",COUNTIFS(Uploads!$B:$B,$C13,Uploads!$A:$A,">="&$A13,Uploads!$A:$A,"<="&$B13)) -> 0 | E13: =IF(A13="","",Variables!$E$4*7) -> 21 | F13: =IF(OR(A13="",E13=0),"",D13/E13) -> 0 | G13: =IF(A13="","",COUNTIFS('AB Tests'!$C:$C,$C13,'AB Tests'!$B:$B,">="&$A13,'AB Tests'!$B:$B,"<="&$B13)) -> 0 | H13: =IF(A13="","",COUNTIFS('AB Tests'!$C:$C,$C13,'AB Tests'!$B:$B,">="&$A13,'AB Tests'!$B:$B,"<="&$B13,'AB Tests'!$R:$R,"B")) -> 0 | I13: =IF(A13="","",SUMIFS(Uploads!$J:$J,Uploads!$B:$B,$C13,Uploads!$A:$A,">="&$A13,Uploads!$A:$A,"<="&$B13)) -> 0 | J13: =IF(OR(A13="",D13=0),"",I13/D13) | K13: =IF(A13="","",IFERROR(AVERAGEIFS(Uploads!$K:$K,Uploads!$B:$B,$C13,Uploads!$A:$A,">="&$A13,Uploads!$A:$A,"<="&$B13),"")) | L13: =IF(A13="","",SUMIFS(Uploads!$N:$N,Uploads!$B:$B,$C13,Uploads!$A:$A,">="&$A13,Uploads!$A:$A,"<="&$B13)) -> 0 | M13: =IF(A13="","",SUMIFS(Uploads!$P:$P,Uploads!$B:$B,$C13,Uploads!$A:$A,">="&$A13,Uploads!$A:$A,"<="&$B13)) -> 0 | N13: =IF(A13="","",SUMIFS(Uploads!$Q:$Q,Uploads!$B:$B,$C13,Uploads!$A:$A,">="&$A13,Uploads!$A:$A,"<="&$B13)) -> 0
... A37: 46398 | B37: =IF(A37="","",A37+6) -> 46404 | C37: Founder Tales | D37: =IF(A37="","",COUNTIFS(Uploads!$B:$B,$C37,Uploads!$A:$A,">="&$A37,Uploads!$A:$A,"<="&$B37)) -> 0 | E37: =IF(A37="","",Variables!$E$4*7) -> 21 | F37: =IF(OR(A37="",E37=0),"",D37/E37) -> 0 | G37: =IF(A37="","",COUNTIFS('AB Tests'!$C:$C,$C37,'AB Tests'!$B:$B,">="&$A37,'AB Tests'!$B:$B,"<="&$B37)) -> 0 | H37: =IF(A37="","",COUNTIFS('AB Tests'!$C:$C,$C37,'AB Tests'!$B:$B,">="&$A37,'AB Tests'!$B:$B,"<="&$B37,'AB Tests'!$R:$R,"B")) -> 0 | I37: =IF(A37="","",SUMIFS(Uploads!$J:$J,Uploads!$B:$B,$C37,Uploads!$A:$A,">="&$A37,Uploads!$A:$A,"<="&$B37)) -> 0 | J37: =IF(OR(A37="",D37=0),"",I37/D37) | K37: =IF(A37="","",IFERROR(AVERAGEIFS(Uploads!$K:$K,Uploads!$B:$B,$C37,Uploads!$A:$A,">="&$A37,Uploads!$A:$A,"<="&$B37),"")) | L37: =IF(A37="","",SUMIFS(Uploads!$N:$N,Uploads!$B:$B,$C37,Uploads!$A:$A,">="&$A37,Uploads!$A:$A,"<="&$B37)) -> 0 | M37: =IF(A37="","",SUMIFS(Uploads!$P:$P,Uploads!$B:$B,$C37,Uploads!$A:$A,">="&$A37,Uploads!$A:$A,"<="&$B37)) -> 0 | N37: =IF(A37="","",SUMIFS(Uploads!$Q:$Q,Uploads!$B:$B,$C37,Uploads!$A:$A,">="&$A37,Uploads!$A:$A,"<="&$B37)) -> 0
B38: =IF(A38="","",A38+6) | D38: =IF(A38="","",COUNTIFS(Uploads!$B:$B,$C38,Uploads!$A:$A,">="&$A38,Uploads!$A:$A,"<="&$B38)) | E38: =IF(A38="","",Variables!$E$4*7) | F38: =IF(OR(A38="",E38=0),"",D38/E38) | G38: =IF(A38="","",COUNTIFS('AB Tests'!$C:$C,$C38,'AB Tests'!$B:$B,">="&$A38,'AB Tests'!$B:$B,"<="&$B38)) | H38: =IF(A38="","",COUNTIFS('AB Tests'!$C:$C,$C38,'AB Tests'!$B:$B,">="&$A38,'AB Tests'!$B:$B,"<="&$B38,'AB Tests'!$R:$R,"B")) | I38: =IF(A38="","",SUMIFS(Uploads!$J:$J,Uploads!$B:$B,$C38,Uploads!$A:$A,">="&$A38,Uploads!$A:$A,"<="&$B38)) | J38: =IF(OR(A38="",D38=0),"",I38/D38) | K38: =IF(A38="","",IFERROR(AVERAGEIFS(Uploads!$K:$K,Uploads!$B:$B,$C38,Uploads!$A:$A,">="&$A38,Uploads!$A:$A,"<="&$B38),"")) | L38: =IF(A38="","",SUMIFS(Uploads!$N:$N,Uploads!$B:$B,$C38,Uploads!$A:$A,">="&$A38,Uploads!$A:$A,"<="&$B38)) | M38: =IF(A38="","",SUMIFS(Uploads!$P:$P,Uploads!$B:$B,$C38,Uploads!$A:$A,">="&$A38,Uploads!$A:$A,"<="&$B38)) | N38: =IF(A38="","",SUMIFS(Uploads!$Q:$Q,Uploads!$B:$B,$C38,Uploads!$A:$A,">="&$A38,Uploads!$A:$A,"<="&$B38))
B39: =IF(A39="","",A39+6) | D39: =IF(A39="","",COUNTIFS(Uploads!$B:$B,$C39,Uploads!$A:$A,">="&$A39,Uploads!$A:$A,"<="&$B39)) | E39: =IF(A39="","",Variables!$E$4*7) | F39: =IF(OR(A39="",E39=0),"",D39/E39) | G39: =IF(A39="","",COUNTIFS('AB Tests'!$C:$C,$C39,'AB Tests'!$B:$B,">="&$A39,'AB Tests'!$B:$B,"<="&$B39)) | H39: =IF(A39="","",COUNTIFS('AB Tests'!$C:$C,$C39,'AB Tests'!$B:$B,">="&$A39,'AB Tests'!$B:$B,"<="&$B39,'AB Tests'!$R:$R,"B")) | I39: =IF(A39="","",SUMIFS(Uploads!$J:$J,Uploads!$B:$B,$C39,Uploads!$A:$A,">="&$A39,Uploads!$A:$A,"<="&$B39)) | J39: =IF(OR(A39="",D39=0),"",I39/D39) | K39: =IF(A39="","",IFERROR(AVERAGEIFS(Uploads!$K:$K,Uploads!$B:$B,$C39,Uploads!$A:$A,">="&$A39,Uploads!$A:$A,"<="&$B39),"")) | L39: =IF(A39="","",SUMIFS(Uploads!$N:$N,Uploads!$B:$B,$C39,Uploads!$A:$A,">="&$A39,Uploads!$A:$A,"<="&$B39)) | M39: =IF(A39="","",SUMIFS(Uploads!$P:$P,Uploads!$B:$B,$C39,Uploads!$A:$A,">="&$A39,Uploads!$A:$A,"<="&$B39)) | N39: =IF(A39="","",SUMIFS(Uploads!$Q:$Q,Uploads!$B:$B,$C39,Uploads!$A:$A,">="&$A39,Uploads!$A:$A,"<="&$B39))
B40: =IF(A40="","",A40+6) | D40: =IF(A40="","",COUNTIFS(Uploads!$B:$B,$C40,Uploads!$A:$A,">="&$A40,Uploads!$A:$A,"<="&$B40)) | E40: =IF(A40="","",Variables!$E$4*7) | F40: =IF(OR(A40="",E40=0),"",D40/E40) | G40: =IF(A40="","",COUNTIFS('AB Tests'!$C:$C,$C40,'AB Tests'!$B:$B,">="&$A40,'AB Tests'!$B:$B,"<="&$B40)) | H40: =IF(A40="","",COUNTIFS('AB Tests'!$C:$C,$C40,'AB Tests'!$B:$B,">="&$A40,'AB Tests'!$B:$B,"<="&$B40,'AB Tests'!$R:$R,"B")) | I40: =IF(A40="","",SUMIFS(Uploads!$J:$J,Uploads!$B:$B,$C40,Uploads!$A:$A,">="&$A40,Uploads!$A:$A,"<="&$B40)) | J40: =IF(OR(A40="",D40=0),"",I40/D40) | K40: =IF(A40="","",IFERROR(AVERAGEIFS(Uploads!$K:$K,Uploads!$B:$B,$C40,Uploads!$A:$A,">="&$A40,Uploads!$A:$A,"<="&$B40),"")) | L40: =IF(A40="","",SUMIFS(Uploads!$N:$N,Uploads!$B:$B,$C40,Uploads!$A:$A,">="&$A40,Uploads!$A:$A,"<="&$B40)) | M40: =IF(A40="","",SUMIFS(Uploads!$P:$P,Uploads!$B:$B,$C40,Uploads!$A:$A,">="&$A40,Uploads!$A:$A,"<="&$B40)) | N40: =IF(A40="","",SUMIFS(Uploads!$Q:$Q,Uploads!$B:$B,$C40,Uploads!$A:$A,">="&$A40,Uploads!$A:$A,"<="&$B40))
B41: =IF(A41="","",A41+6) | D41: =IF(A41="","",COUNTIFS(Uploads!$B:$B,$C41,Uploads!$A:$A,">="&$A41,Uploads!$A:$A,"<="&$B41)) | E41: =IF(A41="","",Variables!$E$4*7) | F41: =IF(OR(A41="",E41=0),"",D41/E41) | G41: =IF(A41="","",COUNTIFS('AB Tests'!$C:$C,$C41,'AB Tests'!$B:$B,">="&$A41,'AB Tests'!$B:$B,"<="&$B41)) | H41: =IF(A41="","",COUNTIFS('AB Tests'!$C:$C,$C41,'AB Tests'!$B:$B,">="&$A41,'AB Tests'!$B:$B,"<="&$B41,'AB Tests'!$R:$R,"B")) | I41: =IF(A41="","",SUMIFS(Uploads!$J:$J,Uploads!$B:$B,$C41,Uploads!$A:$A,">="&$A41,Uploads!$A:$A,"<="&$B41)) | J41: =IF(OR(A41="",D41=0),"",I41/D41) | K41: =IF(A41="","",IFERROR(AVERAGEIFS(Uploads!$K:$K,Uploads!$B:$B,$C41,Uploads!$A:$A,">="&$A41,Uploads!$A:$A,"<="&$B41),"")) | L41: =IF(A41="","",SUMIFS(Uploads!$N:$N,Uploads!$B:$B,$C41,Uploads!$A:$A,">="&$A41,Uploads!$A:$A,"<="&$B41)) | M41: =IF(A41="","",SUMIFS(Uploads!$P:$P,Uploads!$B:$B,$C41,Uploads!$A:$A,">="&$A41,Uploads!$A:$A,"<="&$B41)) | N41: =IF(A41="","",SUMIFS(Uploads!$Q:$Q,Uploads!$B:$B,$C41,Uploads!$A:$A,">="&$A41,Uploads!$A:$A,"<="&$B41))
B42: =IF(A42="","",A42+6) | D42: =IF(A42="","",COUNTIFS(Uploads!$B:$B,$C42,Uploads!$A:$A,">="&$A42,Uploads!$A:$A,"<="&$B42)) | E42: =IF(A42="","",Variables!$E$4*7) | F42: =IF(OR(A42="",E42=0),"",D42/E42) | G42: =IF(A42="","",COUNTIFS('AB Tests'!$C:$C,$C42,'AB Tests'!$B:$B,">="&$A42,'AB Tests'!$B:$B,"<="&$B42)) | H42: =IF(A42="","",COUNTIFS('AB Tests'!$C:$C,$C42,'AB Tests'!$B:$B,">="&$A42,'AB Tests'!$B:$B,"<="&$B42,'AB Tests'!$R:$R,"B")) | I42: =IF(A42="","",SUMIFS(Uploads!$J:$J,Uploads!$B:$B,$C42,Uploads!$A:$A,">="&$A42,Uploads!$A:$A,"<="&$B42)) | J42: =IF(OR(A42="",D42=0),"",I42/D42) | K42: =IF(A42="","",IFERROR(AVERAGEIFS(Uploads!$K:$K,Uploads!$B:$B,$C42,Uploads!$A:$A,">="&$A42,Uploads!$A:$A,"<="&$B42),"")) | L42: =IF(A42="","",SUMIFS(Uploads!$N:$N,Uploads!$B:$B,$C42,Uploads!$A:$A,">="&$A42,Uploads!$A:$A,"<="&$B42)) | M42: =IF(A42="","",SUMIFS(Uploads!$P:$P,Uploads!$B:$B,$C42,Uploads!$A:$A,">="&$A42,Uploads!$A:$A,"<="&$B42)) | N42: =IF(A42="","",SUMIFS(Uploads!$Q:$Q,Uploads!$B:$B,$C42,Uploads!$A:$A,">="&$A42,Uploads!$A:$A,"<="&$B42))
B43: =IF(A43="","",A43+6) | D43: =IF(A43="","",COUNTIFS(Uploads!$B:$B,$C43,Uploads!$A:$A,">="&$A43,Uploads!$A:$A,"<="&$B43)) | E43: =IF(A43="","",Variables!$E$4*7) | F43: =IF(OR(A43="",E43=0),"",D43/E43) | G43: =IF(A43="","",COUNTIFS('AB Tests'!$C:$C,$C43,'AB Tests'!$B:$B,">="&$A43,'AB Tests'!$B:$B,"<="&$B43)) | H43: =IF(A43="","",COUNTIFS('AB Tests'!$C:$C,$C43,'AB Tests'!$B:$B,">="&$A43,'AB Tests'!$B:$B,"<="&$B43,'AB Tests'!$R:$R,"B")) | I43: =IF(A43="","",SUMIFS(Uploads!$J:$J,Uploads!$B:$B,$C43,Uploads!$A:$A,">="&$A43,Uploads!$A:$A,"<="&$B43)) | J43: =IF(OR(A43="",D43=0),"",I43/D43) | K43: =IF(A43="","",IFERROR(AVERAGEIFS(Uploads!$K:$K,Uploads!$B:$B,$C43,Uploads!$A:$A,">="&$A43,Uploads!$A:$A,"<="&$B43),"")) | L43: =IF(A43="","",SUMIFS(Uploads!$N:$N,Uploads!$B:$B,$C43,Uploads!$A:$A,">="&$A43,Uploads!$A:$A,"<="&$B43)) | M43: =IF(A43="","",SUMIFS(Uploads!$P:$P,Uploads!$B:$B,$C43,Uploads!$A:$A,">="&$A43,Uploads!$A:$A,"<="&$B43)) | N43: =IF(A43="","",SUMIFS(Uploads!$Q:$Q,Uploads!$B:$B,$C43,Uploads!$A:$A,">="&$A43,Uploads!$A:$A,"<="&$B43))
B44: =IF(A44="","",A44+6) | D44: =IF(A44="","",COUNTIFS(Uploads!$B:$B,$C44,Uploads!$A:$A,">="&$A44,Uploads!$A:$A,"<="&$B44)) | E44: =IF(A44="","",Variables!$E$4*7) | F44: =IF(OR(A44="",E44=0),"",D44/E44) | G44: =IF(A44="","",COUNTIFS('AB Tests'!$C:$C,$C44,'AB Tests'!$B:$B,">="&$A44,'AB Tests'!$B:$B,"<="&$B44)) | H44: =IF(A44="","",COUNTIFS('AB Tests'!$C:$C,$C44,'AB Tests'!$B:$B,">="&$A44,'AB Tests'!$B:$B,"<="&$B44,'AB Tests'!$R:$R,"B")) | I44: =IF(A44="","",SUMIFS(Uploads!$J:$J,Uploads!$B:$B,$C44,Uploads!$A:$A,">="&$A44,Uploads!$A:$A,"<="&$B44)) | J44: =IF(OR(A44="",D44=0),"",I44/D44) | K44: =IF(A44="","",IFERROR(AVERAGEIFS(Uploads!$K:$K,Uploads!$B:$B,$C44,Uploads!$A:$A,">="&$A44,Uploads!$A:$A,"<="&$B44),"")) | L44: =IF(A44="","",SUMIFS(Uploads!$N:$N,Uploads!$B:$B,$C44,Uploads!$A:$A,">="&$A44,Uploads!$A:$A,"<="&$B44)) | M44: =IF(A44="","",SUMIFS(Uploads!$P:$P,Uploads!$B:$B,$C44,Uploads!$A:$A,">="&$A44,Uploads!$A:$A,"<="&$B44)) | N44: =IF(A44="","",SUMIFS(Uploads!$Q:$Q,Uploads!$B:$B,$C44,Uploads!$A:$A,">="&$A44,Uploads!$A:$A,"<="&$B44))
B45: =IF(A45="","",A45+6) | D45: =IF(A45="","",COUNTIFS(Uploads!$B:$B,$C45,Uploads!$A:$A,">="&$A45,Uploads!$A:$A,"<="&$B45)) | E45: =IF(A45="","",Variables!$E$4*7) | F45: =IF(OR(A45="",E45=0),"",D45/E45) | G45: =IF(A45="","",COUNTIFS('AB Tests'!$C:$C,$C45,'AB Tests'!$B:$B,">="&$A45,'AB Tests'!$B:$B,"<="&$B45)) | H45: =IF(A45="","",COUNTIFS('AB Tests'!$C:$C,$C45,'AB Tests'!$B:$B,">="&$A45,'AB Tests'!$B:$B,"<="&$B45,'AB Tests'!$R:$R,"B")) | I45: =IF(A45="","",SUMIFS(Uploads!$J:$J,Uploads!$B:$B,$C45,Uploads!$A:$A,">="&$A45,Uploads!$A:$A,"<="&$B45)) | J45: =IF(OR(A45="",D45=0),"",I45/D45) | K45: =IF(A45="","",IFERROR(AVERAGEIFS(Uploads!$K:$K,Uploads!$B:$B,$C45,Uploads!$A:$A,">="&$A45,Uploads!$A:$A,"<="&$B45),"")) | L45: =IF(A45="","",SUMIFS(Uploads!$N:$N,Uploads!$B:$B,$C45,Uploads!$A:$A,">="&$A45,Uploads!$A:$A,"<="&$B45)) | M45: =IF(A45="","",SUMIFS(Uploads!$P:$P,Uploads!$B:$B,$C45,Uploads!$A:$A,">="&$A45,Uploads!$A:$A,"<="&$B45)) | N45: =IF(A45="","",SUMIFS(Uploads!$Q:$Q,Uploads!$B:$B,$C45,Uploads!$A:$A,">="&$A45,Uploads!$A:$A,"<="&$B45))
B46: =IF(A46="","",A46+6) | D46: =IF(A46="","",COUNTIFS(Uploads!$B:$B,$C46,Uploads!$A:$A,">="&$A46,Uploads!$A:$A,"<="&$B46)) | E46: =IF(A46="","",Variables!$E$4*7) | F46: =IF(OR(A46="",E46=0),"",D46/E46) | G46: =IF(A46="","",COUNTIFS('AB Tests'!$C:$C,$C46,'AB Tests'!$B:$B,">="&$A46,'AB Tests'!$B:$B,"<="&$B46)) | H46: =IF(A46="","",COUNTIFS('AB Tests'!$C:$C,$C46,'AB Tests'!$B:$B,">="&$A46,'AB Tests'!$B:$B,"<="&$B46,'AB Tests'!$R:$R,"B")) | I46: =IF(A46="","",SUMIFS(Uploads!$J:$J,Uploads!$B:$B,$C46,Uploads!$A:$A,">="&$A46,Uploads!$A:$A,"<="&$B46)) | J46: =IF(OR(A46="",D46=0),"",I46/D46) | K46: =IF(A46="","",IFERROR(AVERAGEIFS(Uploads!$K:$K,Uploads!$B:$B,$C46,Uploads!$A:$A,">="&$A46,Uploads!$A:$A,"<="&$B46),"")) | L46: =IF(A46="","",SUMIFS(Uploads!$N:$N,Uploads!$B:$B,$C46,Uploads!$A:$A,">="&$A46,Uploads!$A:$A,"<="&$B46)) | M46: =IF(A46="","",SUMIFS(Uploads!$P:$P,Uploads!$B:$B,$C46,Uploads!$A:$A,">="&$A46,Uploads!$A:$A,"<="&$B46)) | N46: =IF(A46="","",SUMIFS(Uploads!$Q:$Q,Uploads!$B:$B,$C46,Uploads!$A:$A,">="&$A46,Uploads!$A:$A,"<="&$B46))
B47: =IF(A47="","",A47+6) | D47: =IF(A47="","",COUNTIFS(Uploads!$B:$B,$C47,Uploads!$A:$A,">="&$A47,Uploads!$A:$A,"<="&$B47)) | E47: =IF(A47="","",Variables!$E$4*7) | F47: =IF(OR(A47="",E47=0),"",D47/E47) | G47: =IF(A47="","",COUNTIFS('AB Tests'!$C:$C,$C47,'AB Tests'!$B:$B,">="&$A47,'AB Tests'!$B:$B,"<="&$B47)) | H47: =IF(A47="","",COUNTIFS('AB Tests'!$C:$C,$C47,'AB Tests'!$B:$B,">="&$A47,'AB Tests'!$B:$B,"<="&$B47,'AB Tests'!$R:$R,"B")) | I47: =IF(A47="","",SUMIFS(Uploads!$J:$J,Uploads!$B:$B,$C47,Uploads!$A:$A,">="&$A47,Uploads!$A:$A,"<="&$B47)) | J47: =IF(OR(A47="",D47=0),"",I47/D47) | K47: =IF(A47="","",IFERROR(AVERAGEIFS(Uploads!$K:$K,Uploads!$B:$B,$C47,Uploads!$A:$A,">="&$A47,Uploads!$A:$A,"<="&$B47),"")) | L47: =IF(A47="","",SUMIFS(Uploads!$N:$N,Uploads!$B:$B,$C47,Uploads!$A:$A,">="&$A47,Uploads!$A:$A,"<="&$B47)) | M47: =IF(A47="","",SUMIFS(Uploads!$P:$P,Uploads!$B:$B,$C47,Uploads!$A:$A,">="&$A47,Uploads!$A:$A,"<="&$B47)) | N47: =IF(A47="","",SUMIFS(Uploads!$Q:$Q,Uploads!$B:$B,$C47,Uploads!$A:$A,">="&$A47,Uploads!$A:$A,"<="&$B47))
B48: =IF(A48="","",A48+6) | D48: =IF(A48="","",COUNTIFS(Uploads!$B:$B,$C48,Uploads!$A:$A,">="&$A48,Uploads!$A:$A,"<="&$B48)) | E48: =IF(A48="","",Variables!$E$4*7) | F48: =IF(OR(A48="",E48=0),"",D48/E48) | G48: =IF(A48="","",COUNTIFS('AB Tests'!$C:$C,$C48,'AB Tests'!$B:$B,">="&$A48,'AB Tests'!$B:$B,"<="&$B48)) | H48: =IF(A48="","",COUNTIFS('AB Tests'!$C:$C,$C48,'AB Tests'!$B:$B,">="&$A48,'AB Tests'!$B:$B,"<="&$B48,'AB Tests'!$R:$R,"B")) | I48: =IF(A48="","",SUMIFS(Uploads!$J:$J,Uploads!$B:$B,$C48,Uploads!$A:$A,">="&$A48,Uploads!$A:$A,"<="&$B48)) | J48: =IF(OR(A48="",D48=0),"",I48/D48) | K48: =IF(A48="","",IFERROR(AVERAGEIFS(Uploads!$K:$K,Uploads!$B:$B,$C48,Uploads!$A:$A,">="&$A48,Uploads!$A:$A,"<="&$B48),"")) | L48: =IF(A48="","",SUMIFS(Uploads!$N:$N,Uploads!$B:$B,$C48,Uploads!$A:$A,">="&$A48,Uploads!$A:$A,"<="&$B48)) | M48: =IF(A48="","",SUMIFS(Uploads!$P:$P,Uploads!$B:$B,$C48,Uploads!$A:$A,">="&$A48,Uploads!$A:$A,"<="&$B48)) | N48: =IF(A48="","",SUMIFS(Uploads!$Q:$Q,Uploads!$B:$B,$C48,Uploads!$A:$A,">="&$A48,Uploads!$A:$A,"<="&$B48))
B49: =IF(A49="","",A49+6) | D49: =IF(A49="","",COUNTIFS(Uploads!$B:$B,$C49,Uploads!$A:$A,">="&$A49,Uploads!$A:$A,"<="&$B49)) | E49: =IF(A49="","",Variables!$E$4*7) | F49: =IF(OR(A49="",E49=0),"",D49/E49) | G49: =IF(A49="","",COUNTIFS('AB Tests'!$C:$C,$C49,'AB Tests'!$B:$B,">="&$A49,'AB Tests'!$B:$B,"<="&$B49)) | H49: =IF(A49="","",COUNTIFS('AB Tests'!$C:$C,$C49,'AB Tests'!$B:$B,">="&$A49,'AB Tests'!$B:$B,"<="&$B49,'AB Tests'!$R:$R,"B")) | I49: =IF(A49="","",SUMIFS(Uploads!$J:$J,Uploads!$B:$B,$C49,Uploads!$A:$A,">="&$A49,Uploads!$A:$A,"<="&$B49)) | J49: =IF(OR(A49="",D49=0),"",I49/D49) | K49: =IF(A49="","",IFERROR(AVERAGEIFS(Uploads!$K:$K,Uploads!$B:$B,$C49,Uploads!$A:$A,">="&$A49,Uploads!$A:$A,"<="&$B49),"")) | L49: =IF(A49="","",SUMIFS(Uploads!$N:$N,Uploads!$B:$B,$C49,Uploads!$A:$A,">="&$A49,Uploads!$A:$A,"<="&$B49)) | M49: =IF(A49="","",SUMIFS(Uploads!$P:$P,Uploads!$B:$B,$C49,Uploads!$A:$A,">="&$A49,Uploads!$A:$A,"<="&$B49)) | N49: =IF(A49="","",SUMIFS(Uploads!$Q:$Q,Uploads!$B:$B,$C49,Uploads!$A:$A,">="&$A49,Uploads!$A:$A,"<="&$B49))
... B61: =IF(A61="","",A61+6) | D61: =IF(A61="","",COUNTIFS(Uploads!$B:$B,$C61,Uploads!$A:$A,">="&$A61,Uploads!$A:$A,"<="&$B61)) | E61: =IF(A61="","",Variables!$E$4*7) | F61: =IF(OR(A61="",E61=0),"",D61/E61) | G61: =IF(A61="","",COUNTIFS('AB Tests'!$C:$C,$C61,'AB Tests'!$B:$B,">="&$A61,'AB Tests'!$B:$B,"<="&$B61)) | H61: =IF(A61="","",COUNTIFS('AB Tests'!$C:$C,$C61,'AB Tests'!$B:$B,">="&$A61,'AB Tests'!$B:$B,"<="&$B61,'AB Tests'!$R:$R,"B")) | I61: =IF(A61="","",SUMIFS(Uploads!$J:$J,Uploads!$B:$B,$C61,Uploads!$A:$A,">="&$A61,Uploads!$A:$A,"<="&$B61)) | J61: =IF(OR(A61="",D61=0),"",I61/D61) | K61: =IF(A61="","",IFERROR(AVERAGEIFS(Uploads!$K:$K,Uploads!$B:$B,$C61,Uploads!$A:$A,">="&$A61,Uploads!$A:$A,"<="&$B61),"")) | L61: =IF(A61="","",SUMIFS(Uploads!$N:$N,Uploads!$B:$B,$C61,Uploads!$A:$A,">="&$A61,Uploads!$A:$A,"<="&$B61)) | M61: =IF(A61="","",SUMIFS(Uploads!$P:$P,Uploads!$B:$B,$C61,Uploads!$A:$A,">="&$A61,Uploads!$A:$A,"<="&$B61)) | N61: =IF(A61="","",SUMIFS(Uploads!$Q:$Q,Uploads!$B:$B,$C61,Uploads!$A:$A,">="&$A61,Uploads!$A:$A,"<="&$B61))

Sheet Team KPIs
A1: Week start (Mon) | B1: Week end | C1: AZEEM: days files delivered by 16:00 (of 7) | D1: AZEEM: videos following all constants | E1: AZEEM: Founder Tales fact errors after posting | F1: AZEEM: videos delivered (all pages) | G1: LIANNA: days data recorded by 11:00 (of 7) | H1: Tests run (all pages) | I1: LIANNA: tests decided within 24 h | J1: LIANNA: % tests decided on time | K1: LIANNA: videos posted (all pages) | L1: Posting target (all pages) | M1: LIANNA: weekly report sent Sunday (Y/N) | N1: Notes
A2: 46321 | B2: =IF(A2="","",A2+6) -> 46327 | D2: =IF(A2="","",IFERROR(COUNTIFS(Uploads!$G:$G,"Y",Uploads!$A:$A,">="&$A2,Uploads!$A:$A,"<="&$B2)/COUNTIFS(Uploads!$G:$G,"<>",Uploads!$A:$A,">="&$A2,Uploads!$A:$A,"<="&$B2),"")) | F2: =IF(A2="","",COUNTIFS(Uploads!$H:$H,"Azeem",Uploads!$A:$A,">="&$A2,Uploads!$A:$A,"<="&$B2)) -> 0 | H2: =IF(A2="","",COUNTIFS('AB Tests'!$B:$B,">="&$A2,'AB Tests'!$B:$B,"<="&$B2)) -> 0 | J2: =IF(OR(A2="",H2=0),"",I2/H2) | K2: =IF(A2="","",COUNTIFS(Uploads!$A:$A,">="&$A2,Uploads!$A:$A,"<="&$B2)) -> 0 | L2: =IF(A2="","",Variables!$E$4*3*7) -> 63
A3: 46328 | B3: =IF(A3="","",A3+6) -> 46334 | D3: =IF(A3="","",IFERROR(COUNTIFS(Uploads!$G:$G,"Y",Uploads!$A:$A,">="&$A3,Uploads!$A:$A,"<="&$B3)/COUNTIFS(Uploads!$G:$G,"<>",Uploads!$A:$A,">="&$A3,Uploads!$A:$A,"<="&$B3),"")) | F3: =IF(A3="","",COUNTIFS(Uploads!$H:$H,"Azeem",Uploads!$A:$A,">="&$A3,Uploads!$A:$A,"<="&$B3)) -> 0 | H3: =IF(A3="","",COUNTIFS('AB Tests'!$B:$B,">="&$A3,'AB Tests'!$B:$B,"<="&$B3)) -> 0 | J3: =IF(OR(A3="",H3=0),"",I3/H3) | K3: =IF(A3="","",COUNTIFS(Uploads!$A:$A,">="&$A3,Uploads!$A:$A,"<="&$B3)) -> 0 | L3: =IF(A3="","",Variables!$E$4*3*7) -> 63
A4: 46335 | B4: =IF(A4="","",A4+6) -> 46341 | D4: =IF(A4="","",IFERROR(COUNTIFS(Uploads!$G:$G,"Y",Uploads!$A:$A,">="&$A4,Uploads!$A:$A,"<="&$B4)/COUNTIFS(Uploads!$G:$G,"<>",Uploads!$A:$A,">="&$A4,Uploads!$A:$A,"<="&$B4),"")) | F4: =IF(A4="","",COUNTIFS(Uploads!$H:$H,"Azeem",Uploads!$A:$A,">="&$A4,Uploads!$A:$A,"<="&$B4)) -> 0 | H4: =IF(A4="","",COUNTIFS('AB Tests'!$B:$B,">="&$A4,'AB Tests'!$B:$B,"<="&$B4)) -> 0 | J4: =IF(OR(A4="",H4=0),"",I4/H4) | K4: =IF(A4="","",COUNTIFS(Uploads!$A:$A,">="&$A4,Uploads!$A:$A,"<="&$B4)) -> 0 | L4: =IF(A4="","",Variables!$E$4*3*7) -> 63
A5: 46342 | B5: =IF(A5="","",A5+6) -> 46348 | D5: =IF(A5="","",IFERROR(COUNTIFS(Uploads!$G:$G,"Y",Uploads!$A:$A,">="&$A5,Uploads!$A:$A,"<="&$B5)/COUNTIFS(Uploads!$G:$G,"<>",Uploads!$A:$A,">="&$A5,Uploads!$A:$A,"<="&$B5),"")) | F5: =IF(A5="","",COUNTIFS(Uploads!$H:$H,"Azeem",Uploads!$A:$A,">="&$A5,Uploads!$A:$A,"<="&$B5)) -> 0 | H5: =IF(A5="","",COUNTIFS('AB Tests'!$B:$B,">="&$A5,'AB Tests'!$B:$B,"<="&$B5)) -> 0 | J5: =IF(OR(A5="",H5=0),"",I5/H5) | K5: =IF(A5="","",COUNTIFS(Uploads!$A:$A,">="&$A5,Uploads!$A:$A,"<="&$B5)) -> 0 | L5: =IF(A5="","",Variables!$E$4*3*7) -> 63
A6: 46349 | B6: =IF(A6="","",A6+6) -> 46355 | D6: =IF(A6="","",IFERROR(COUNTIFS(Uploads!$G:$G,"Y",Uploads!$A:$A,">="&$A6,Uploads!$A:$A,"<="&$B6)/COUNTIFS(Uploads!$G:$G,"<>",Uploads!$A:$A,">="&$A6,Uploads!$A:$A,"<="&$B6),"")) | F6: =IF(A6="","",COUNTIFS(Uploads!$H:$H,"Azeem",Uploads!$A:$A,">="&$A6,Uploads!$A:$A,"<="&$B6)) -> 0 | H6: =IF(A6="","",COUNTIFS('AB Tests'!$B:$B,">="&$A6,'AB Tests'!$B:$B,"<="&$B6)) -> 0 | J6: =IF(OR(A6="",H6=0),"",I6/H6) | K6: =IF(A6="","",COUNTIFS(Uploads!$A:$A,">="&$A6,Uploads!$A:$A,"<="&$B6)) -> 0 | L6: =IF(A6="","",Variables!$E$4*3*7) -> 63
A7: 46356 | B7: =IF(A7="","",A7+6) -> 46362 | D7: =IF(A7="","",IFERROR(COUNTIFS(Uploads!$G:$G,"Y",Uploads!$A:$A,">="&$A7,Uploads!$A:$A,"<="&$B7)/COUNTIFS(Uploads!$G:$G,"<>",Uploads!$A:$A,">="&$A7,Uploads!$A:$A,"<="&$B7),"")) | F7: =IF(A7="","",COUNTIFS(Uploads!$H:$H,"Azeem",Uploads!$A:$A,">="&$A7,Uploads!$A:$A,"<="&$B7)) -> 0 | H7: =IF(A7="","",COUNTIFS('AB Tests'!$B:$B,">="&$A7,'AB Tests'!$B:$B,"<="&$B7)) -> 0 | J7: =IF(OR(A7="",H7=0),"",I7/H7) | K7: =IF(A7="","",COUNTIFS(Uploads!$A:$A,">="&$A7,Uploads!$A:$A,"<="&$B7)) -> 0 | L7: =IF(A7="","",Variables!$E$4*3*7) -> 63
A8: 46363 | B8: =IF(A8="","",A8+6) -> 46369 | D8: =IF(A8="","",IFERROR(COUNTIFS(Uploads!$G:$G,"Y",Uploads!$A:$A,">="&$A8,Uploads!$A:$A,"<="&$B8)/COUNTIFS(Uploads!$G:$G,"<>",Uploads!$A:$A,">="&$A8,Uploads!$A:$A,"<="&$B8),"")) | F8: =IF(A8="","",COUNTIFS(Uploads!$H:$H,"Azeem",Uploads!$A:$A,">="&$A8,Uploads!$A:$A,"<="&$B8)) -> 0 | H8: =IF(A8="","",COUNTIFS('AB Tests'!$B:$B,">="&$A8,'AB Tests'!$B:$B,"<="&$B8)) -> 0 | J8: =IF(OR(A8="",H8=0),"",I8/H8) | K8: =IF(A8="","",COUNTIFS(Uploads!$A:$A,">="&$A8,Uploads!$A:$A,"<="&$B8)) -> 0 | L8: =IF(A8="","",Variables!$E$4*3*7) -> 63
A9: 46370 | B9: =IF(A9="","",A9+6) -> 46376 | D9: =IF(A9="","",IFERROR(COUNTIFS(Uploads!$G:$G,"Y",Uploads!$A:$A,">="&$A9,Uploads!$A:$A,"<="&$B9)/COUNTIFS(Uploads!$G:$G,"<>",Uploads!$A:$A,">="&$A9,Uploads!$A:$A,"<="&$B9),"")) | F9: =IF(A9="","",COUNTIFS(Uploads!$H:$H,"Azeem",Uploads!$A:$A,">="&$A9,Uploads!$A:$A,"<="&$B9)) -> 0 | H9: =IF(A9="","",COUNTIFS('AB Tests'!$B:$B,">="&$A9,'AB Tests'!$B:$B,"<="&$B9)) -> 0 | J9: =IF(OR(A9="",H9=0),"",I9/H9) | K9: =IF(A9="","",COUNTIFS(Uploads!$A:$A,">="&$A9,Uploads!$A:$A,"<="&$B9)) -> 0 | L9: =IF(A9="","",Variables!$E$4*3*7) -> 63
A10: 46377 | B10: =IF(A10="","",A10+6) -> 46383 | D10: =IF(A10="","",IFERROR(COUNTIFS(Uploads!$G:$G,"Y",Uploads!$A:$A,">="&$A10,Uploads!$A:$A,"<="&$B10)/COUNTIFS(Uploads!$G:$G,"<>",Uploads!$A:$A,">="&$A10,Uploads!$A:$A,"<="&$B10),"")) | F10: =IF(A10="","",COUNTIFS(Uploads!$H:$H,"Azeem",Uploads!$A:$A,">="&$A10,Uploads!$A:$A,"<="&$B10)) -> 0 | H10: =IF(A10="","",COUNTIFS('AB Tests'!$B:$B,">="&$A10,'AB Tests'!$B:$B,"<="&$B10)) -> 0 | J10: =IF(OR(A10="",H10=0),"",I10/H10) | K10: =IF(A10="","",COUNTIFS(Uploads!$A:$A,">="&$A10,Uploads!$A:$A,"<="&$B10)) -> 0 | L10: =IF(A10="","",Variables!$E$4*3*7) -> 63
A11: 46384 | B11: =IF(A11="","",A11+6) -> 46390 | D11: =IF(A11="","",IFERROR(COUNTIFS(Uploads!$G:$G,"Y",Uploads!$A:$A,">="&$A11,Uploads!$A:$A,"<="&$B11)/COUNTIFS(Uploads!$G:$G,"<>",Uploads!$A:$A,">="&$A11,Uploads!$A:$A,"<="&$B11),"")) | F11: =IF(A11="","",COUNTIFS(Uploads!$H:$H,"Azeem",Uploads!$A:$A,">="&$A11,Uploads!$A:$A,"<="&$B11)) -> 0 | H11: =IF(A11="","",COUNTIFS('AB Tests'!$B:$B,">="&$A11,'AB Tests'!$B:$B,"<="&$B11)) -> 0 | J11: =IF(OR(A11="",H11=0),"",I11/H11) | K11: =IF(A11="","",COUNTIFS(Uploads!$A:$A,">="&$A11,Uploads!$A:$A,"<="&$B11)) -> 0 | L11: =IF(A11="","",Variables!$E$4*3*7) -> 63
A12: 46391 | B12: =IF(A12="","",A12+6) -> 46397 | D12: =IF(A12="","",IFERROR(COUNTIFS(Uploads!$G:$G,"Y",Uploads!$A:$A,">="&$A12,Uploads!$A:$A,"<="&$B12)/COUNTIFS(Uploads!$G:$G,"<>",Uploads!$A:$A,">="&$A12,Uploads!$A:$A,"<="&$B12),"")) | F12: =IF(A12="","",COUNTIFS(Uploads!$H:$H,"Azeem",Uploads!$A:$A,">="&$A12,Uploads!$A:$A,"<="&$B12)) -> 0 | H12: =IF(A12="","",COUNTIFS('AB Tests'!$B:$B,">="&$A12,'AB Tests'!$B:$B,"<="&$B12)) -> 0 | J12: =IF(OR(A12="",H12=0),"",I12/H12) | K12: =IF(A12="","",COUNTIFS(Uploads!$A:$A,">="&$A12,Uploads!$A:$A,"<="&$B12)) -> 0 | L12: =IF(A12="","",Variables!$E$4*3*7) -> 63
A13: 46398 | B13: =IF(A13="","",A13+6) -> 46404 | D13: =IF(A13="","",IFERROR(COUNTIFS(Uploads!$G:$G,"Y",Uploads!$A:$A,">="&$A13,Uploads!$A:$A,"<="&$B13)/COUNTIFS(Uploads!$G:$G,"<>",Uploads!$A:$A,">="&$A13,Uploads!$A:$A,"<="&$B13),"")) | F13: =IF(A13="","",COUNTIFS(Uploads!$H:$H,"Azeem",Uploads!$A:$A,">="&$A13,Uploads!$A:$A,"<="&$B13)) -> 0 | H13: =IF(A13="","",COUNTIFS('AB Tests'!$B:$B,">="&$A13,'AB Tests'!$B:$B,"<="&$B13)) -> 0 | J13: =IF(OR(A13="",H13=0),"",I13/H13) | K13: =IF(A13="","",COUNTIFS(Uploads!$A:$A,">="&$A13,Uploads!$A:$A,"<="&$B13)) -> 0 | L13: =IF(A13="","",Variables!$E$4*3*7) -> 63
B14: =IF(A14="","",A14+6) | D14: =IF(A14="","",IFERROR(COUNTIFS(Uploads!$G:$G,"Y",Uploads!$A:$A,">="&$A14,Uploads!$A:$A,"<="&$B14)/COUNTIFS(Uploads!$G:$G,"<>",Uploads!$A:$A,">="&$A14,Uploads!$A:$A,"<="&$B14),"")) | F14: =IF(A14="","",COUNTIFS(Uploads!$H:$H,"Azeem",Uploads!$A:$A,">="&$A14,Uploads!$A:$A,"<="&$B14)) | H14: =IF(A14="","",COUNTIFS('AB Tests'!$B:$B,">="&$A14,'AB Tests'!$B:$B,"<="&$B14)) | J14: =IF(OR(A14="",H14=0),"",I14/H14) | K14: =IF(A14="","",COUNTIFS(Uploads!$A:$A,">="&$A14,Uploads!$A:$A,"<="&$B14)) | L14: =IF(A14="","",Variables!$E$4*3*7)
B15: =IF(A15="","",A15+6) | D15: =IF(A15="","",IFERROR(COUNTIFS(Uploads!$G:$G,"Y",Uploads!$A:$A,">="&$A15,Uploads!$A:$A,"<="&$B15)/COUNTIFS(Uploads!$G:$G,"<>",Uploads!$A:$A,">="&$A15,Uploads!$A:$A,"<="&$B15),"")) | F15: =IF(A15="","",COUNTIFS(Uploads!$H:$H,"Azeem",Uploads!$A:$A,">="&$A15,Uploads!$A:$A,"<="&$B15)) | H15: =IF(A15="","",COUNTIFS('AB Tests'!$B:$B,">="&$A15,'AB Tests'!$B:$B,"<="&$B15)) | J15: =IF(OR(A15="",H15=0),"",I15/H15) | K15: =IF(A15="","",COUNTIFS(Uploads!$A:$A,">="&$A15,Uploads!$A:$A,"<="&$B15)) | L15: =IF(A15="","",Variables!$E$4*3*7)
B16: =IF(A16="","",A16+6) | D16: =IF(A16="","",IFERROR(COUNTIFS(Uploads!$G:$G,"Y",Uploads!$A:$A,">="&$A16,Uploads!$A:$A,"<="&$B16)/COUNTIFS(Uploads!$G:$G,"<>",Uploads!$A:$A,">="&$A16,Uploads!$A:$A,"<="&$B16),"")) | F16: =IF(A16="","",COUNTIFS(Uploads!$H:$H,"Azeem",Uploads!$A:$A,">="&$A16,Uploads!$A:$A,"<="&$B16)) | H16: =IF(A16="","",COUNTIFS('AB Tests'!$B:$B,">="&$A16,'AB Tests'!$B:$B,"<="&$B16)) | J16: =IF(OR(A16="",H16=0),"",I16/H16) | K16: =IF(A16="","",COUNTIFS(Uploads!$A:$A,">="&$A16,Uploads!$A:$A,"<="&$B16)) | L16: =IF(A16="","",Variables!$E$4*3*7)
B17: =IF(A17="","",A17+6) | D17: =IF(A17="","",IFERROR(COUNTIFS(Uploads!$G:$G,"Y",Uploads!$A:$A,">="&$A17,Uploads!$A:$A,"<="&$B17)/COUNTIFS(Uploads!$G:$G,"<>",Uploads!$A:$A,">="&$A17,Uploads!$A:$A,"<="&$B17),"")) | F17: =IF(A17="","",COUNTIFS(Uploads!$H:$H,"Azeem",Uploads!$A:$A,">="&$A17,Uploads!$A:$A,"<="&$B17)) | H17: =IF(A17="","",COUNTIFS('AB Tests'!$B:$B,">="&$A17,'AB Tests'!$B:$B,"<="&$B17)) | J17: =IF(OR(A17="",H17=0),"",I17/H17) | K17: =IF(A17="","",COUNTIFS(Uploads!$A:$A,">="&$A17,Uploads!$A:$A,"<="&$B17)) | L17: =IF(A17="","",Variables!$E$4*3*7)
B18: =IF(A18="","",A18+6) | D18: =IF(A18="","",IFERROR(COUNTIFS(Uploads!$G:$G,"Y",Uploads!$A:$A,">="&$A18,Uploads!$A:$A,"<="&$B18)/COUNTIFS(Uploads!$G:$G,"<>",Uploads!$A:$A,">="&$A18,Uploads!$A:$A,"<="&$B18),"")) | F18: =IF(A18="","",COUNTIFS(Uploads!$H:$H,"Azeem",Uploads!$A:$A,">="&$A18,Uploads!$A:$A,"<="&$B18)) | H18: =IF(A18="","",COUNTIFS('AB Tests'!$B:$B,">="&$A18,'AB Tests'!$B:$B,"<="&$B18)) | J18: =IF(OR(A18="",H18=0),"",I18/H18) | K18: =IF(A18="","",COUNTIFS(Uploads!$A:$A,">="&$A18,Uploads!$A:$A,"<="&$B18)) | L18: =IF(A18="","",Variables!$E$4*3*7)
B19: =IF(A19="","",A19+6) | D19: =IF(A19="","",IFERROR(COUNTIFS(Uploads!$G:$G,"Y",Uploads!$A:$A,">="&$A19,Uploads!$A:$A,"<="&$B19)/COUNTIFS(Uploads!$G:$G,"<>",Uploads!$A:$A,">="&$A19,Uploads!$A:$A,"<="&$B19),"")) | F19: =IF(A19="","",COUNTIFS(Uploads!$H:$H,"Azeem",Uploads!$A:$A,">="&$A19,Uploads!$A:$A,"<="&$B19)) | H19: =IF(A19="","",COUNTIFS('AB Tests'!$B:$B,">="&$A19,'AB Tests'!$B:$B,"<="&$B19)) | J19: =IF(OR(A19="",H19=0),"",I19/H19) | K19: =IF(A19="","",COUNTIFS(Uploads!$A:$A,">="&$A19,Uploads!$A:$A,"<="&$B19)) | L19: =IF(A19="","",Variables!$E$4*3*7)
B20: =IF(A20="","",A20+6) | D20: =IF(A20="","",IFERROR(COUNTIFS(Uploads!$G:$G,"Y",Uploads!$A:$A,">="&$A20,Uploads!$A:$A,"<="&$B20)/COUNTIFS(Uploads!$G:$G,"<>",Uploads!$A:$A,">="&$A20,Uploads!$A:$A,"<="&$B20),"")) | F20: =IF(A20="","",COUNTIFS(Uploads!$H:$H,"Azeem",Uploads!$A:$A,">="&$A20,Uploads!$A:$A,"<="&$B20)) | H20: =IF(A20="","",COUNTIFS('AB Tests'!$B:$B,">="&$A20,'AB Tests'!$B:$B,"<="&$B20)) | J20: =IF(OR(A20="",H20=0),"",I20/H20) | K20: =IF(A20="","",COUNTIFS(Uploads!$A:$A,">="&$A20,Uploads!$A:$A,"<="&$B20)) | L20: =IF(A20="","",Variables!$E$4*3*7)
B21: =IF(A21="","",A21+6) | D21: =IF(A21="","",IFERROR(COUNTIFS(Uploads!$G:$G,"Y",Uploads!$A:$A,">="&$A21,Uploads!$A:$A,"<="&$B21)/COUNTIFS(Uploads!$G:$G,"<>",Uploads!$A:$A,">="&$A21,Uploads!$A:$A,"<="&$B21),"")) | F21: =IF(A21="","",COUNTIFS(Uploads!$H:$H,"Azeem",Uploads!$A:$A,">="&$A21,Uploads!$A:$A,"<="&$B21)) | H21: =IF(A21="","",COUNTIFS('AB Tests'!$B:$B,">="&$A21,'AB Tests'!$B:$B,"<="&$B21)) | J21: =IF(OR(A21="",H21=0),"",I21/H21) | K21: =IF(A21="","",COUNTIFS(Uploads!$A:$A,">="&$A21,Uploads!$A:$A,"<="&$B21)) | L21: =IF(A21="","",Variables!$E$4*3*7)
B22: =IF(A22="","",A22+6) | D22: =IF(A22="","",IFERROR(COUNTIFS(Uploads!$G:$G,"Y",Uploads!$A:$A,">="&$A22,Uploads!$A:$A,"<="&$B22)/COUNTIFS(Uploads!$G:$G,"<>",Uploads!$A:$A,">="&$A22,Uploads!$A:$A,"<="&$B22),"")) | F22: =IF(A22="","",COUNTIFS(Uploads!$H:$H,"Azeem",Uploads!$A:$A,">="&$A22,Uploads!$A:$A,"<="&$B22)) | H22: =IF(A22="","",COUNTIFS('AB Tests'!$B:$B,">="&$A22,'AB Tests'!$B:$B,"<="&$B22)) | J22: =IF(OR(A22="",H22=0),"",I22/H22) | K22: =IF(A22="","",COUNTIFS(Uploads!$A:$A,">="&$A22,Uploads!$A:$A,"<="&$B22)) | L22: =IF(A22="","",Variables!$E$4*3*7)
B23: =IF(A23="","",A23+6) | D23: =IF(A23="","",IFERROR(COUNTIFS(Uploads!$G:$G,"Y",Uploads!$A:$A,">="&$A23,Uploads!$A:$A,"<="&$B23)/COUNTIFS(Uploads!$G:$G,"<>",Uploads!$A:$A,">="&$A23,Uploads!$A:$A,"<="&$B23),"")) | F23: =IF(A23="","",COUNTIFS(Uploads!$H:$H,"Azeem",Uploads!$A:$A,">="&$A23,Uploads!$A:$A,"<="&$B23)) | H23: =IF(A23="","",COUNTIFS('AB Tests'!$B:$B,">="&$A23,'AB Tests'!$B:$B,"<="&$B23)) | J23: =IF(OR(A23="",H23=0),"",I23/H23) | K23: =IF(A23="","",COUNTIFS(Uploads!$A:$A,">="&$A23,Uploads!$A:$A,"<="&$B23)) | L23: =IF(A23="","",Variables!$E$4*3*7)
B24: =IF(A24="","",A24+6) | D24: =IF(A24="","",IFERROR(COUNTIFS(Uploads!$G:$G,"Y",Uploads!$A:$A,">="&$A24,Uploads!$A:$A,"<="&$B24)/COUNTIFS(Uploads!$G:$G,"<>",Uploads!$A:$A,">="&$A24,Uploads!$A:$A,"<="&$B24),"")) | F24: =IF(A24="","",COUNTIFS(Uploads!$H:$H,"Azeem",Uploads!$A:$A,">="&$A24,Uploads!$A:$A,"<="&$B24)) | H24: =IF(A24="","",COUNTIFS('AB Tests'!$B:$B,">="&$A24,'AB Tests'!$B:$B,"<="&$B24)) | J24: =IF(OR(A24="",H24=0),"",I24/H24) | K24: =IF(A24="","",COUNTIFS(Uploads!$A:$A,">="&$A24,Uploads!$A:$A,"<="&$B24)) | L24: =IF(A24="","",Variables!$E$4*3*7)
B25: =IF(A25="","",A25+6) | D25: =IF(A25="","",IFERROR(COUNTIFS(Uploads!$G:$G,"Y",Uploads!$A:$A,">="&$A25,Uploads!$A:$A,"<="&$B25)/COUNTIFS(Uploads!$G:$G,"<>",Uploads!$A:$A,">="&$A25,Uploads!$A:$A,"<="&$B25),"")) | F25: =IF(A25="","",COUNTIFS(Uploads!$H:$H,"Azeem",Uploads!$A:$A,">="&$A25,Uploads!$A:$A,"<="&$B25)) | H25: =IF(A25="","",COUNTIFS('AB Tests'!$B:$B,">="&$A25,'AB Tests'!$B:$B,"<="&$B25)) | J25: =IF(OR(A25="",H25=0),"",I25/H25) | K25: =IF(A25="","",COUNTIFS(Uploads!$A:$A,">="&$A25,Uploads!$A:$A,"<="&$B25)) | L25: =IF(A25="","",Variables!$E$4*3*7)
... B31: =IF(A31="","",A31+6) | D31: =IF(A31="","",IFERROR(COUNTIFS(Uploads!$G:$G,"Y",Uploads!$A:$A,">="&$A31,Uploads!$A:$A,"<="&$B31)/COUNTIFS(Uploads!$G:$G,"<>",Uploads!$A:$A,">="&$A31,Uploads!$A:$A,"<="&$B31),"")) | F31: =IF(A31="","",COUNTIFS(Uploads!$H:$H,"Azeem",Uploads!$A:$A,">="&$A31,Uploads!$A:$A,"<="&$B31)) | H31: =IF(A31="","",COUNTIFS('AB Tests'!$B:$B,">="&$A31,'AB Tests'!$B:$B,"<="&$B31)) | J31: =IF(OR(A31="",H31=0),"",I31/H31) | K31: =IF(A31="","",COUNTIFS(Uploads!$A:$A,">="&$A31,Uploads!$A:$A,"<="&$B31)) | L31: =IF(A31="","",Variables!$E$4*3*7)

Sheet Variables
A1: Variable we test | B1: Example of a B change | D1: Setting | E1: Value | G1: Pages | H1: Buckets | I1: Status | J1: Yes/No | K1: Constant status
A2: Hook line | B2: Question hook vs bold statement | D2: Minimum views per version before deciding | E2: 500 | G2: Sahill | H2: Reach | I2: Planned | J2: Y | K2: Active
A3: First frame | B3: Face close-up vs product/action shot | D3: Winning margin on avg watch % (B must beat A by) | E3: 0.1 | G3: yontro.ae | H3: Trust | I3: Produced | J3: N | K3: Retired
A4: Length | B4: 15 s vs 30 s | D4: Videos per page per day (minimum) | E4: 3 | G4: Founder Tales | H4: Convert | I4: Delivered
A5: On-screen text style | B5: Big centred captions vs small lower captions | D5: Tests per page per day | E5: 2 | I5: Posted
A6: Caption | B6: Short one-liner vs story caption | I6: Skipped
A7: Audio | B7: Trending sound vs voiceover only
A8: Cover | B8: Face cover vs text cover
A9: Call to action | B9: Follow for part 2 vs comment a keyword
A10: Posting time | B10: 12:00 vs 21:00
A11: Pacing | B11: Cut every 2 s vs every 4 s
