Workbook

Sheet How to use
B2: Yontro Clients
B4: Owner: Lianna Gozmao. Only Lianna records and edits data. Usama: edit on the Clients tab for new sign-ups. Azeem: comment. Sahill: view.
B5: Keep this file separate from 'Yontro Content & Uploads' so client data never mixes with our own pages.
B7: Tabs:
B8: Clients - one row per client. Usama adds the row on signing; Lianna keeps it current.
B9: Packages - prices and deliverables from the service agreement (Launch, Growth, Scale).
B10: Content Plan - every planned video per client per month, with its code word.
B11: Uploads - every video posted for a client, with its numbers.
B12: Enquiries - every customer who messaged a code word. Enquiries per video and per month calculate from here.
B13: Monthly Report - one row per client per month: delivered vs due, views, enquiries, and the invoice amount (pro rata if a video was missed).
B15: Light orange cell = Lianna types here (input).
B16: Grey cell = formula, calculates by itself. Do not type over it.
B17: Grey italic row 2 on each tab = EXAMPLE showing the format. Delete it once real data starts.

Sheet Clients
A1: Business | B1: Niche | C1: Area | D1: Contact name | E1: Contact WhatsApp | F1: Instagram | G1: Package | H1: Monthly fee (AED) | I1: Start date | J1: Minimum term ends | K1: Status | L1: Sold by | M1: Notes
A2: EXAMPLE Spa Co | B2: Spa | C2: JLT | D2: Sara M. | E2: +971 50 000 0000 | F2: @examplespa | G2: Growth | H2: =IF(G2="","",IFERROR(INDEX(Packages!$B:$B,MATCH(G2,Packages!$A:$A,0)),"")) | I2: 46327 | J2: =IF(I2="","",EDATE(I2,3)) | K2: Active | L2: Usama | M2: Delete this row
A3: Mobile shop (name to add) | B3: Mobile phones | H3: =IF(G3="","",IFERROR(INDEX(Packages!$B:$B,MATCH(G3,Packages!$A:$A,0)),"")) | J3: =IF(I3="","",EDATE(I3,3)) | K3: Free video delivered | L3: Usama
A4: Spa (name to add) | B4: Spa | H4: =IF(G4="","",IFERROR(INDEX(Packages!$B:$B,MATCH(G4,Packages!$A:$A,0)),"")) | J4: =IF(I4="","",EDATE(I4,3)) | K4: Free video delivered | L4: Usama
H5: =IF(G5="","",IFERROR(INDEX(Packages!$B:$B,MATCH(G5,Packages!$A:$A,0)),"")) | J5: =IF(I5="","",EDATE(I5,3))
H6: =IF(G6="","",IFERROR(INDEX(Packages!$B:$B,MATCH(G6,Packages!$A:$A,0)),"")) | J6: =IF(I6="","",EDATE(I6,3))
H7: =IF(G7="","",IFERROR(INDEX(Packages!$B:$B,MATCH(G7,Packages!$A:$A,0)),"")) | J7: =IF(I7="","",EDATE(I7,3))
H8: =IF(G8="","",IFERROR(INDEX(Packages!$B:$B,MATCH(G8,Packages!$A:$A,0)),"")) | J8: =IF(I8="","",EDATE(I8,3))
H9: =IF(G9="","",IFERROR(INDEX(Packages!$B:$B,MATCH(G9,Packages!$A:$A,0)),"")) | J9: =IF(I9="","",EDATE(I9,3))
H10: =IF(G10="","",IFERROR(INDEX(Packages!$B:$B,MATCH(G10,Packages!$A:$A,0)),"")) | J10: =IF(I10="","",EDATE(I10,3))
H11: =IF(G11="","",IFERROR(INDEX(Packages!$B:$B,MATCH(G11,Packages!$A:$A,0)),"")) | J11: =IF(I11="","",EDATE(I11,3))
H12: =IF(G12="","",IFERROR(INDEX(Packages!$B:$B,MATCH(G12,Packages!$A:$A,0)),"")) | J12: =IF(I12="","",EDATE(I12,3))
H13: =IF(G13="","",IFERROR(INDEX(Packages!$B:$B,MATCH(G13,Packages!$A:$A,0)),"")) | J13: =IF(I13="","",EDATE(I13,3))
H14: =IF(G14="","",IFERROR(INDEX(Packages!$B:$B,MATCH(G14,Packages!$A:$A,0)),"")) | J14: =IF(I14="","",EDATE(I14,3))
H15: =IF(G15="","",IFERROR(INDEX(Packages!$B:$B,MATCH(G15,Packages!$A:$A,0)),"")) | J15: =IF(I15="","",EDATE(I15,3))
H16: =IF(G16="","",IFERROR(INDEX(Packages!$B:$B,MATCH(G16,Packages!$A:$A,0)),"")) | J16: =IF(I16="","",EDATE(I16,3))
... H201: =IF(G201="","",IFERROR(INDEX(Packages!$B:$B,MATCH(G201,Packages!$A:$A,0)),"")) | J201: =IF(I201="","",EDATE(I201,3))

Sheet Content Plan
A1: Client | B1: Month (1st) | C1: # | D1: Bucket | E1: Idea and hook (first 2 seconds) | F1: On camera | G1: Call to action | H1: Code word | I1: Shoot date | J1: Planned post date | K1: Status | L1: Notes
A2: EXAMPLE Spa Co | B2: 46327 | C2: 1 | D2: Convert | E2: Weekday slots open: 'Your back after a 6-day week' | F2: Therapist Ana | G2: WhatsApp RELAX for a weekday slot | H2: RELAX | I2: 46329 | J2: 46332 | K2: Planned

Sheet Uploads
A1: Client | B1: Date posted | C1: Video title | D1: Bucket | E1: Code word | F1: Link | G1: Views 24 h | H1: Avg watch % | I1: Shares | J1: Saves | K1: Follows | L1: Views 7 d | M1: Enquiries from code word | N1: Notes
A2: EXAMPLE Spa Co | B2: 46332 | C2: Your back after a 6-day week | D2: Convert | E2: RELAX | F2: instagram.com/reel/... | G2: 4100 | H2: 0.38 | I2: 52 | J2: 61 | K2: 34 | L2: 11200 | M2: =IF(OR(A2="",E2=""),"",COUNTIFS(Enquiries!$B:$B,A2,Enquiries!$C:$C,E2))
M3: =IF(OR(A3="",E3=""),"",COUNTIFS(Enquiries!$B:$B,A3,Enquiries!$C:$C,E3))
M4: =IF(OR(A4="",E4=""),"",COUNTIFS(Enquiries!$B:$B,A4,Enquiries!$C:$C,E4))
M5: =IF(OR(A5="",E5=""),"",COUNTIFS(Enquiries!$B:$B,A5,Enquiries!$C:$C,E5))
M6: =IF(OR(A6="",E6=""),"",COUNTIFS(Enquiries!$B:$B,A6,Enquiries!$C:$C,E6))
M7: =IF(OR(A7="",E7=""),"",COUNTIFS(Enquiries!$B:$B,A7,Enquiries!$C:$C,E7))
M8: =IF(OR(A8="",E8=""),"",COUNTIFS(Enquiries!$B:$B,A8,Enquiries!$C:$C,E8))
M9: =IF(OR(A9="",E9=""),"",COUNTIFS(Enquiries!$B:$B,A9,Enquiries!$C:$C,E9))
M10: =IF(OR(A10="",E10=""),"",COUNTIFS(Enquiries!$B:$B,A10,Enquiries!$C:$C,E10))
M11: =IF(OR(A11="",E11=""),"",COUNTIFS(Enquiries!$B:$B,A11,Enquiries!$C:$C,E11))
M12: =IF(OR(A12="",E12=""),"",COUNTIFS(Enquiries!$B:$B,A12,Enquiries!$C:$C,E12))
M13: =IF(OR(A13="",E13=""),"",COUNTIFS(Enquiries!$B:$B,A13,Enquiries!$C:$C,E13))
M14: =IF(OR(A14="",E14=""),"",COUNTIFS(Enquiries!$B:$B,A14,Enquiries!$C:$C,E14))
... M401: =IF(OR(A401="",E401=""),"",COUNTIFS(Enquiries!$B:$B,A401,Enquiries!$C:$C,E401))

Sheet Enquiries
A1: Date | B1: Client | C1: Code word | D1: Customer name | E1: Channel | F1: Outcome | G1: Value (AED) | H1: Notes
A2: 46333 | B2: EXAMPLE Spa Co | C2: RELAX | D2: Customer A | E2: WhatsApp | F2: Booked | G2: 350

Sheet Monthly Report
A1: Client | B1: Month (1st) | C1: Package | D1: Videos due | E1: Videos delivered | F1: Delivery % | G1: Views 24 h (total) | H1: Enquiries | I1: Bookings + sales | J1: Value reported (AED) | K1: Monthly fee (AED) | L1: Invoice amount (AED) | M1: Report sent (Y/N) | N1: Invoice sent (Y/N) | O1: Paid on | P1: Notes
A2: EXAMPLE Spa Co | B2: 46327 | C2: =IF(A2="","",IFERROR(INDEX(Clients!$G:$G,MATCH(A2,Clients!$A:$A,0)),"")) | D2: =IF(C2="","",IFERROR(INDEX(Packages!$C:$C,MATCH(C2,Packages!$A:$A,0)),"")) | E2: =IF(OR(A2="",B2=""),"",COUNTIFS(Uploads!$A:$A,$A2,Uploads!$B:$B,">="&$B2,Uploads!$B:$B,"<"&EDATE($B2,1))) | F2: =IF(OR(D2="",D2=0,E2=""),"",MIN(1,E2/D2)) | G2: =IF(OR(A2="",B2=""),"",SUMIFS(Uploads!$G:$G,Uploads!$A:$A,$A2,Uploads!$B:$B,">="&$B2,Uploads!$B:$B,"<"&EDATE($B2,1))) | H2: =IF(OR(A2="",B2=""),"",COUNTIFS(Enquiries!$B:$B,$A2,Enquiries!$A:$A,">="&$B2,Enquiries!$A:$A,"<"&EDATE($B2,1))) | I2: =IF(OR(A2="",B2=""),"",COUNTIFS(Enquiries!$B:$B,$A2,Enquiries!$F:$F,"Booked",Enquiries!$A:$A,">="&$B2,Enquiries!$A:$A,"<"&EDATE($B2,1))+COUNTIFS(Enquiries!$B:$B,$A2,Enquiries!$F:$F,"Bought",Enquiries!$A:$A,">="&$B2,Enquiries!$A:$A,"<"&EDATE($B2,1))) | J2: =IF(OR(A2="",B2=""),"",SUMIFS(Enquiries!$G:$G,Enquiries!$B:$B,$A2,Enquiries!$A:$A,">="&$B2,Enquiries!$A:$A,"<"&EDATE($B2,1))) | K2: =IF(C2="","",IFERROR(INDEX(Packages!$B:$B,MATCH(C2,Packages!$A:$A,0)),"")) | L2: =IF(OR(K2="",F2=""),"",K2*F2) | M2: Y | N2: Y | O2: 46359
C3: =IF(A3="","",IFERROR(INDEX(Clients!$G:$G,MATCH(A3,Clients!$A:$A,0)),"")) | D3: =IF(C3="","",IFERROR(INDEX(Packages!$C:$C,MATCH(C3,Packages!$A:$A,0)),"")) | E3: =IF(OR(A3="",B3=""),"",COUNTIFS(Uploads!$A:$A,$A3,Uploads!$B:$B,">="&$B3,Uploads!$B:$B,"<"&EDATE($B3,1))) | F3: =IF(OR(D3="",D3=0,E3=""),"",MIN(1,E3/D3)) | G3: =IF(OR(A3="",B3=""),"",SUMIFS(Uploads!$G:$G,Uploads!$A:$A,$A3,Uploads!$B:$B,">="&$B3,Uploads!$B:$B,"<"&EDATE($B3,1))) | H3: =IF(OR(A3="",B3=""),"",COUNTIFS(Enquiries!$B:$B,$A3,Enquiries!$A:$A,">="&$B3,Enquiries!$A:$A,"<"&EDATE($B3,1))) | I3: =IF(OR(A3="",B3=""),"",COUNTIFS(Enquiries!$B:$B,$A3,Enquiries!$F:$F,"Booked",Enquiries!$A:$A,">="&$B3,Enquiries!$A:$A,"<"&EDATE($B3,1))+COUNTIFS(Enquiries!$B:$B,$A3,Enquiries!$F:$F,"Bought",Enquiries!$A:$A,">="&$B3,Enquiries!$A:$A,"<"&EDATE($B3,1))) | J3: =IF(OR(A3="",B3=""),"",SUMIFS(Enquiries!$G:$G,Enquiries!$B:$B,$A3,Enquiries!$A:$A,">="&$B3,Enquiries!$A:$A,"<"&EDATE($B3,1))) | K3: =IF(C3="","",IFERROR(INDEX(Packages!$B:$B,MATCH(C3,Packages!$A:$A,0)),"")) | L3: =IF(OR(K3="",F3=""),"",K3*F3)
C4: =IF(A4="","",IFERROR(INDEX(Clients!$G:$G,MATCH(A4,Clients!$A:$A,0)),"")) | D4: =IF(C4="","",IFERROR(INDEX(Packages!$C:$C,MATCH(C4,Packages!$A:$A,0)),"")) | E4: =IF(OR(A4="",B4=""),"",COUNTIFS(Uploads!$A:$A,$A4,Uploads!$B:$B,">="&$B4,Uploads!$B:$B,"<"&EDATE($B4,1))) | F4: =IF(OR(D4="",D4=0,E4=""),"",MIN(1,E4/D4)) | G4: =IF(OR(A4="",B4=""),"",SUMIFS(Uploads!$G:$G,Uploads!$A:$A,$A4,Uploads!$B:$B,">="&$B4,Uploads!$B:$B,"<"&EDATE($B4,1))) | H4: =IF(OR(A4="",B4=""),"",COUNTIFS(Enquiries!$B:$B,$A4,Enquiries!$A:$A,">="&$B4,Enquiries!$A:$A,"<"&EDATE($B4,1))) | I4: =IF(OR(A4="",B4=""),"",COUNTIFS(Enquiries!$B:$B,$A4,Enquiries!$F:$F,"Booked",Enquiries!$A:$A,">="&$B4,Enquiries!$A:$A,"<"&EDATE($B4,1))+COUNTIFS(Enquiries!$B:$B,$A4,Enquiries!$F:$F,"Bought",Enquiries!$A:$A,">="&$B4,Enquiries!$A:$A,"<"&EDATE($B4,1))) | J4: =IF(OR(A4="",B4=""),"",SUMIFS(Enquiries!$G:$G,Enquiries!$B:$B,$A4,Enquiries!$A:$A,">="&$B4,Enquiries!$A:$A,"<"&EDATE($B4,1))) | K4: =IF(C4="","",IFERROR(INDEX(Packages!$B:$B,MATCH(C4,Packages!$A:$A,0)),"")) | L4: =IF(OR(K4="",F4=""),"",K4*F4)
C5: =IF(A5="","",IFERROR(INDEX(Clients!$G:$G,MATCH(A5,Clients!$A:$A,0)),"")) | D5: =IF(C5="","",IFERROR(INDEX(Packages!$C:$C,MATCH(C5,Packages!$A:$A,0)),"")) | E5: =IF(OR(A5="",B5=""),"",COUNTIFS(Uploads!$A:$A,$A5,Uploads!$B:$B,">="&$B5,Uploads!$B:$B,"<"&EDATE($B5,1))) | F5: =IF(OR(D5="",D5=0,E5=""),"",MIN(1,E5/D5)) | G5: =IF(OR(A5="",B5=""),"",SUMIFS(Uploads!$G:$G,Uploads!$A:$A,$A5,Uploads!$B:$B,">="&$B5,Uploads!$B:$B,"<"&EDATE($B5,1))) | H5: =IF(OR(A5="",B5=""),"",COUNTIFS(Enquiries!$B:$B,$A5,Enquiries!$A:$A,">="&$B5,Enquiries!$A:$A,"<"&EDATE($B5,1))) | I5: =IF(OR(A5="",B5=""),"",COUNTIFS(Enquiries!$B:$B,$A5,Enquiries!$F:$F,"Booked",Enquiries!$A:$A,">="&$B5,Enquiries!$A:$A,"<"&EDATE($B5,1))+COUNTIFS(Enquiries!$B:$B,$A5,Enquiries!$F:$F,"Bought",Enquiries!$A:$A,">="&$B5,Enquiries!$A:$A,"<"&EDATE($B5,1))) | J5: =IF(OR(A5="",B5=""),"",SUMIFS(Enquiries!$G:$G,Enquiries!$B:$B,$A5,Enquiries!$A:$A,">="&$B5,Enquiries!$A:$A,"<"&EDATE($B5,1))) | K5: =IF(C5="","",IFERROR(INDEX(Packages!$B:$B,MATCH(C5,Packages!$A:$A,0)),"")) | L5: =IF(OR(K5="",F5=""),"",K5*F5)
C6: =IF(A6="","",IFERROR(INDEX(Clients!$G:$G,MATCH(A6,Clients!$A:$A,0)),"")) | D6: =IF(C6="","",IFERROR(INDEX(Packages!$C:$C,MATCH(C6,Packages!$A:$A,0)),"")) | E6: =IF(OR(A6="",B6=""),"",COUNTIFS(Uploads!$A:$A,$A6,Uploads!$B:$B,">="&$B6,Uploads!$B:$B,"<"&EDATE($B6,1))) | F6: =IF(OR(D6="",D6=0,E6=""),"",MIN(1,E6/D6)) | G6: =IF(OR(A6="",B6=""),"",SUMIFS(Uploads!$G:$G,Uploads!$A:$A,$A6,Uploads!$B:$B,">="&$B6,Uploads!$B:$B,"<"&EDATE($B6,1))) | H6: =IF(OR(A6="",B6=""),"",COUNTIFS(Enquiries!$B:$B,$A6,Enquiries!$A:$A,">="&$B6,Enquiries!$A:$A,"<"&EDATE($B6,1))) | I6: =IF(OR(A6="",B6=""),"",COUNTIFS(Enquiries!$B:$B,$A6,Enquiries!$F:$F,"Booked",Enquiries!$A:$A,">="&$B6,Enquiries!$A:$A,"<"&EDATE($B6,1))+COUNTIFS(Enquiries!$B:$B,$A6,Enquiries!$F:$F,"Bought",Enquiries!$A:$A,">="&$B6,Enquiries!$A:$A,"<"&EDATE($B6,1))) | J6: =IF(OR(A6="",B6=""),"",SUMIFS(Enquiries!$G:$G,Enquiries!$B:$B,$A6,Enquiries!$A:$A,">="&$B6,Enquiries!$A:$A,"<"&EDATE($B6,1))) | K6: =IF(C6="","",IFERROR(INDEX(Packages!$B:$B,MATCH(C6,Packages!$A:$A,0)),"")) | L6: =IF(OR(K6="",F6=""),"",K6*F6)
C7: =IF(A7="","",IFERROR(INDEX(Clients!$G:$G,MATCH(A7,Clients!$A:$A,0)),"")) | D7: =IF(C7="","",IFERROR(INDEX(Packages!$C:$C,MATCH(C7,Packages!$A:$A,0)),"")) | E7: =IF(OR(A7="",B7=""),"",COUNTIFS(Uploads!$A:$A,$A7,Uploads!$B:$B,">="&$B7,Uploads!$B:$B,"<"&EDATE($B7,1))) | F7: =IF(OR(D7="",D7=0,E7=""),"",MIN(1,E7/D7)) | G7: =IF(OR(A7="",B7=""),"",SUMIFS(Uploads!$G:$G,Uploads!$A:$A,$A7,Uploads!$B:$B,">="&$B7,Uploads!$B:$B,"<"&EDATE($B7,1))) | H7: =IF(OR(A7="",B7=""),"",COUNTIFS(Enquiries!$B:$B,$A7,Enquiries!$A:$A,">="&$B7,Enquiries!$A:$A,"<"&EDATE($B7,1))) | I7: =IF(OR(A7="",B7=""),"",COUNTIFS(Enquiries!$B:$B,$A7,Enquiries!$F:$F,"Booked",Enquiries!$A:$A,">="&$B7,Enquiries!$A:$A,"<"&EDATE($B7,1))+COUNTIFS(Enquiries!$B:$B,$A7,Enquiries!$F:$F,"Bought",Enquiries!$A:$A,">="&$B7,Enquiries!$A:$A,"<"&EDATE($B7,1))) | J7: =IF(OR(A7="",B7=""),"",SUMIFS(Enquiries!$G:$G,Enquiries!$B:$B,$A7,Enquiries!$A:$A,">="&$B7,Enquiries!$A:$A,"<"&EDATE($B7,1))) | K7: =IF(C7="","",IFERROR(INDEX(Packages!$B:$B,MATCH(C7,Packages!$A:$A,0)),"")) | L7: =IF(OR(K7="",F7=""),"",K7*F7)
C8: =IF(A8="","",IFERROR(INDEX(Clients!$G:$G,MATCH(A8,Clients!$A:$A,0)),"")) | D8: =IF(C8="","",IFERROR(INDEX(Packages!$C:$C,MATCH(C8,Packages!$A:$A,0)),"")) | E8: =IF(OR(A8="",B8=""),"",COUNTIFS(Uploads!$A:$A,$A8,Uploads!$B:$B,">="&$B8,Uploads!$B:$B,"<"&EDATE($B8,1))) | F8: =IF(OR(D8="",D8=0,E8=""),"",MIN(1,E8/D8)) | G8: =IF(OR(A8="",B8=""),"",SUMIFS(Uploads!$G:$G,Uploads!$A:$A,$A8,Uploads!$B:$B,">="&$B8,Uploads!$B:$B,"<"&EDATE($B8,1))) | H8: =IF(OR(A8="",B8=""),"",COUNTIFS(Enquiries!$B:$B,$A8,Enquiries!$A:$A,">="&$B8,Enquiries!$A:$A,"<"&EDATE($B8,1))) | I8: =IF(OR(A8="",B8=""),"",COUNTIFS(Enquiries!$B:$B,$A8,Enquiries!$F:$F,"Booked",Enquiries!$A:$A,">="&$B8,Enquiries!$A:$A,"<"&EDATE($B8,1))+COUNTIFS(Enquiries!$B:$B,$A8,Enquiries!$F:$F,"Bought",Enquiries!$A:$A,">="&$B8,Enquiries!$A:$A,"<"&EDATE($B8,1))) | J8: =IF(OR(A8="",B8=""),"",SUMIFS(Enquiries!$G:$G,Enquiries!$B:$B,$A8,Enquiries!$A:$A,">="&$B8,Enquiries!$A:$A,"<"&EDATE($B8,1))) | K8: =IF(C8="","",IFERROR(INDEX(Packages!$B:$B,MATCH(C8,Packages!$A:$A,0)),"")) | L8: =IF(OR(K8="",F8=""),"",K8*F8)
C9: =IF(A9="","",IFERROR(INDEX(Clients!$G:$G,MATCH(A9,Clients!$A:$A,0)),"")) | D9: =IF(C9="","",IFERROR(INDEX(Packages!$C:$C,MATCH(C9,Packages!$A:$A,0)),"")) | E9: =IF(OR(A9="",B9=""),"",COUNTIFS(Uploads!$A:$A,$A9,Uploads!$B:$B,">="&$B9,Uploads!$B:$B,"<"&EDATE($B9,1))) | F9: =IF(OR(D9="",D9=0,E9=""),"",MIN(1,E9/D9)) | G9: =IF(OR(A9="",B9=""),"",SUMIFS(Uploads!$G:$G,Uploads!$A:$A,$A9,Uploads!$B:$B,">="&$B9,Uploads!$B:$B,"<"&EDATE($B9,1))) | H9: =IF(OR(A9="",B9=""),"",COUNTIFS(Enquiries!$B:$B,$A9,Enquiries!$A:$A,">="&$B9,Enquiries!$A:$A,"<"&EDATE($B9,1))) | I9: =IF(OR(A9="",B9=""),"",COUNTIFS(Enquiries!$B:$B,$A9,Enquiries!$F:$F,"Booked",Enquiries!$A:$A,">="&$B9,Enquiries!$A:$A,"<"&EDATE($B9,1))+COUNTIFS(Enquiries!$B:$B,$A9,Enquiries!$F:$F,"Bought",Enquiries!$A:$A,">="&$B9,Enquiries!$A:$A,"<"&EDATE($B9,1))) | J9: =IF(OR(A9="",B9=""),"",SUMIFS(Enquiries!$G:$G,Enquiries!$B:$B,$A9,Enquiries!$A:$A,">="&$B9,Enquiries!$A:$A,"<"&EDATE($B9,1))) | K9: =IF(C9="","",IFERROR(INDEX(Packages!$B:$B,MATCH(C9,Packages!$A:$A,0)),"")) | L9: =IF(OR(K9="",F9=""),"",K9*F9)
C10: =IF(A10="","",IFERROR(INDEX(Clients!$G:$G,MATCH(A10,Clients!$A:$A,0)),"")) | D10: =IF(C10="","",IFERROR(INDEX(Packages!$C:$C,MATCH(C10,Packages!$A:$A,0)),"")) | E10: =IF(OR(A10="",B10=""),"",COUNTIFS(Uploads!$A:$A,$A10,Uploads!$B:$B,">="&$B10,Uploads!$B:$B,"<"&EDATE($B10,1))) | F10: =IF(OR(D10="",D10=0,E10=""),"",MIN(1,E10/D10)) | G10: =IF(OR(A10="",B10=""),"",SUMIFS(Uploads!$G:$G,Uploads!$A:$A,$A10,Uploads!$B:$B,">="&$B10,Uploads!$B:$B,"<"&EDATE($B10,1))) | H10: =IF(OR(A10="",B10=""),"",COUNTIFS(Enquiries!$B:$B,$A10,Enquiries!$A:$A,">="&$B10,Enquiries!$A:$A,"<"&EDATE($B10,1))) | I10: =IF(OR(A10="",B10=""),"",COUNTIFS(Enquiries!$B:$B,$A10,Enquiries!$F:$F,"Booked",Enquiries!$A:$A,">="&$B10,Enquiries!$A:$A,"<"&EDATE($B10,1))+COUNTIFS(Enquiries!$B:$B,$A10,Enquiries!$F:$F,"Bought",Enquiries!$A:$A,">="&$B10,Enquiries!$A:$A,"<"&EDATE($B10,1))) | J10: =IF(OR(A10="",B10=""),"",SUMIFS(Enquiries!$G:$G,Enquiries!$B:$B,$A10,Enquiries!$A:$A,">="&$B10,Enquiries!$A:$A,"<"&EDATE($B10,1))) | K10: =IF(C10="","",IFERROR(INDEX(Packages!$B:$B,MATCH(C10,Packages!$A:$A,0)),"")) | L10: =IF(OR(K10="",F10=""),"",K10*F10)
C11: =IF(A11="","",IFERROR(INDEX(Clients!$G:$G,MATCH(A11,Clients!$A:$A,0)),"")) | D11: =IF(C11="","",IFERROR(INDEX(Packages!$C:$C,MATCH(C11,Packages!$A:$A,0)),"")) | E11: =IF(OR(A11="",B11=""),"",COUNTIFS(Uploads!$A:$A,$A11,Uploads!$B:$B,">="&$B11,Uploads!$B:$B,"<"&EDATE($B11,1))) | F11: =IF(OR(D11="",D11=0,E11=""),"",MIN(1,E11/D11)) | G11: =IF(OR(A11="",B11=""),"",SUMIFS(Uploads!$G:$G,Uploads!$A:$A,$A11,Uploads!$B:$B,">="&$B11,Uploads!$B:$B,"<"&EDATE($B11,1))) | H11: =IF(OR(A11="",B11=""),"",COUNTIFS(Enquiries!$B:$B,$A11,Enquiries!$A:$A,">="&$B11,Enquiries!$A:$A,"<"&EDATE($B11,1))) | I11: =IF(OR(A11="",B11=""),"",COUNTIFS(Enquiries!$B:$B,$A11,Enquiries!$F:$F,"Booked",Enquiries!$A:$A,">="&$B11,Enquiries!$A:$A,"<"&EDATE($B11,1))+COUNTIFS(Enquiries!$B:$B,$A11,Enquiries!$F:$F,"Bought",Enquiries!$A:$A,">="&$B11,Enquiries!$A:$A,"<"&EDATE($B11,1))) | J11: =IF(OR(A11="",B11=""),"",SUMIFS(Enquiries!$G:$G,Enquiries!$B:$B,$A11,Enquiries!$A:$A,">="&$B11,Enquiries!$A:$A,"<"&EDATE($B11,1))) | K11: =IF(C11="","",IFERROR(INDEX(Packages!$B:$B,MATCH(C11,Packages!$A:$A,0)),"")) | L11: =IF(OR(K11="",F11=""),"",K11*F11)
C12: =IF(A12="","",IFERROR(INDEX(Clients!$G:$G,MATCH(A12,Clients!$A:$A,0)),"")) | D12: =IF(C12="","",IFERROR(INDEX(Packages!$C:$C,MATCH(C12,Packages!$A:$A,0)),"")) | E12: =IF(OR(A12="",B12=""),"",COUNTIFS(Uploads!$A:$A,$A12,Uploads!$B:$B,">="&$B12,Uploads!$B:$B,"<"&EDATE($B12,1))) | F12: =IF(OR(D12="",D12=0,E12=""),"",MIN(1,E12/D12)) | G12: =IF(OR(A12="",B12=""),"",SUMIFS(Uploads!$G:$G,Uploads!$A:$A,$A12,Uploads!$B:$B,">="&$B12,Uploads!$B:$B,"<"&EDATE($B12,1))) | H12: =IF(OR(A12="",B12=""),"",COUNTIFS(Enquiries!$B:$B,$A12,Enquiries!$A:$A,">="&$B12,Enquiries!$A:$A,"<"&EDATE($B12,1))) | I12: =IF(OR(A12="",B12=""),"",COUNTIFS(Enquiries!$B:$B,$A12,Enquiries!$F:$F,"Booked",Enquiries!$A:$A,">="&$B12,Enquiries!$A:$A,"<"&EDATE($B12,1))+COUNTIFS(Enquiries!$B:$B,$A12,Enquiries!$F:$F,"Bought",Enquiries!$A:$A,">="&$B12,Enquiries!$A:$A,"<"&EDATE($B12,1))) | J12: =IF(OR(A12="",B12=""),"",SUMIFS(Enquiries!$G:$G,Enquiries!$B:$B,$A12,Enquiries!$A:$A,">="&$B12,Enquiries!$A:$A,"<"&EDATE($B12,1))) | K12: =IF(C12="","",IFERROR(INDEX(Packages!$B:$B,MATCH(C12,Packages!$A:$A,0)),"")) | L12: =IF(OR(K12="",F12=""),"",K12*F12)
C13: =IF(A13="","",IFERROR(INDEX(Clients!$G:$G,MATCH(A13,Clients!$A:$A,0)),"")) | D13: =IF(C13="","",IFERROR(INDEX(Packages!$C:$C,MATCH(C13,Packages!$A:$A,0)),"")) | E13: =IF(OR(A13="",B13=""),"",COUNTIFS(Uploads!$A:$A,$A13,Uploads!$B:$B,">="&$B13,Uploads!$B:$B,"<"&EDATE($B13,1))) | F13: =IF(OR(D13="",D13=0,E13=""),"",MIN(1,E13/D13)) | G13: =IF(OR(A13="",B13=""),"",SUMIFS(Uploads!$G:$G,Uploads!$A:$A,$A13,Uploads!$B:$B,">="&$B13,Uploads!$B:$B,"<"&EDATE($B13,1))) | H13: =IF(OR(A13="",B13=""),"",COUNTIFS(Enquiries!$B:$B,$A13,Enquiries!$A:$A,">="&$B13,Enquiries!$A:$A,"<"&EDATE($B13,1))) | I13: =IF(OR(A13="",B13=""),"",COUNTIFS(Enquiries!$B:$B,$A13,Enquiries!$F:$F,"Booked",Enquiries!$A:$A,">="&$B13,Enquiries!$A:$A,"<"&EDATE($B13,1))+COUNTIFS(Enquiries!$B:$B,$A13,Enquiries!$F:$F,"Bought",Enquiries!$A:$A,">="&$B13,Enquiries!$A:$A,"<"&EDATE($B13,1))) | J13: =IF(OR(A13="",B13=""),"",SUMIFS(Enquiries!$G:$G,Enquiries!$B:$B,$A13,Enquiries!$A:$A,">="&$B13,Enquiries!$A:$A,"<"&EDATE($B13,1))) | K13: =IF(C13="","",IFERROR(INDEX(Packages!$B:$B,MATCH(C13,Packages!$A:$A,0)),"")) | L13: =IF(OR(K13="",F13=""),"",K13*F13)
C14: =IF(A14="","",IFERROR(INDEX(Clients!$G:$G,MATCH(A14,Clients!$A:$A,0)),"")) | D14: =IF(C14="","",IFERROR(INDEX(Packages!$C:$C,MATCH(C14,Packages!$A:$A,0)),"")) | E14: =IF(OR(A14="",B14=""),"",COUNTIFS(Uploads!$A:$A,$A14,Uploads!$B:$B,">="&$B14,Uploads!$B:$B,"<"&EDATE($B14,1))) | F14: =IF(OR(D14="",D14=0,E14=""),"",MIN(1,E14/D14)) | G14: =IF(OR(A14="",B14=""),"",SUMIFS(Uploads!$G:$G,Uploads!$A:$A,$A14,Uploads!$B:$B,">="&$B14,Uploads!$B:$B,"<"&EDATE($B14,1))) | H14: =IF(OR(A14="",B14=""),"",COUNTIFS(Enquiries!$B:$B,$A14,Enquiries!$A:$A,">="&$B14,Enquiries!$A:$A,"<"&EDATE($B14,1))) | I14: =IF(OR(A14="",B14=""),"",COUNTIFS(Enquiries!$B:$B,$A14,Enquiries!$F:$F,"Booked",Enquiries!$A:$A,">="&$B14,Enquiries!$A:$A,"<"&EDATE($B14,1))+COUNTIFS(Enquiries!$B:$B,$A14,Enquiries!$F:$F,"Bought",Enquiries!$A:$A,">="&$B14,Enquiries!$A:$A,"<"&EDATE($B14,1))) | J14: =IF(OR(A14="",B14=""),"",SUMIFS(Enquiries!$G:$G,Enquiries!$B:$B,$A14,Enquiries!$A:$A,">="&$B14,Enquiries!$A:$A,"<"&EDATE($B14,1))) | K14: =IF(C14="","",IFERROR(INDEX(Packages!$B:$B,MATCH(C14,Packages!$A:$A,0)),"")) | L14: =IF(OR(K14="",F14=""),"",K14*F14)
... C201: =IF(A201="","",IFERROR(INDEX(Clients!$G:$G,MATCH(A201,Clients!$A:$A,0)),"")) | D201: =IF(C201="","",IFERROR(INDEX(Packages!$C:$C,MATCH(C201,Packages!$A:$A,0)),"")) | E201: =IF(OR(A201="",B201=""),"",COUNTIFS(Uploads!$A:$A,$A201,Uploads!$B:$B,">="&$B201,Uploads!$B:$B,"<"&EDATE($B201,1))) | F201: =IF(OR(D201="",D201=0,E201=""),"",MIN(1,E201/D201)) | G201: =IF(OR(A201="",B201=""),"",SUMIFS(Uploads!$G:$G,Uploads!$A:$A,$A201,Uploads!$B:$B,">="&$B201,Uploads!$B:$B,"<"&EDATE($B201,1))) | H201: =IF(OR(A201="",B201=""),"",COUNTIFS(Enquiries!$B:$B,$A201,Enquiries!$A:$A,">="&$B201,Enquiries!$A:$A,"<"&EDATE($B201,1))) | I201: =IF(OR(A201="",B201=""),"",COUNTIFS(Enquiries!$B:$B,$A201,Enquiries!$F:$F,"Booked",Enquiries!$A:$A,">="&$B201,Enquiries!$A:$A,"<"&EDATE($B201,1))+COUNTIFS(Enquiries!$B:$B,$A201,Enquiries!$F:$F,"Bought",Enquiries!$A:$A,">="&$B201,Enquiries!$A:$A,"<"&EDATE($B201,1))) | J201: =IF(OR(A201="",B201=""),"",SUMIFS(Enquiries!$G:$G,Enquiries!$B:$B,$A201,Enquiries!$A:$A,">="&$B201,Enquiries!$A:$A,"<"&EDATE($B201,1))) | K201: =IF(C201="","",IFERROR(INDEX(Packages!$B:$B,MATCH(C201,Packages!$A:$A,0)),"")) | L201: =IF(OR(K201="",F201=""),"",K201*F201)

Sheet Packages
A1: Package | B1: Monthly fee (AED) | C1: Videos / month | D1: Posts / month | E1: Includes
A2: Launch | B2: 5000 | C2: 5 | D2: 5 | E2: Strategy, social media management, basic website or redesign, seven-day habit build, monthly report
A3: Growth | B3: 7500 | C3: 10 | D3: 10 | E3: Everything in Launch + website and full branding, presence audit, storyline series
A4: Scale | B4: 10000 | C4: 15 | D4: 15 | E4: Everything in Growth + tailored paid campaign (ad spend paid by client), priority shoots, quarterly review

Sheet Lists
A1: Status | B1: Buckets | C1: Plan status | D1: Outcome | E1: Yes/No | F1: Channel
A2: Free video booked | B2: Reach | C2: Planned | D2: Enquiry only | E2: Y | F2: Instagram DM
A3: Free video delivered | B3: Trust | C3: Approved | D3: Booked | E3: N | F3: WhatsApp
A4: Signed | B4: Convert | C4: Shot | D4: Bought | F4: Call
A5: Active | C5: Edited | D5: Lost | F5: Walk-in
A6: Paused | C6: Posted | F6: TikTok
A7: Ended
