Workbook

Sheet How to use
B2: Yontro Sales: KPIs and Pipeline
B4: Who uses it: the sales team (Usama and sales agents). Each rep filters the Pipeline tab by their name. Sahill: owner.
B5: Tabs: Sales Daily KPIs (each rep fills their row by 19:00), Sales Weekly KPIs (calculated), Pipeline, Pipeline Summary, Targets (set by Sahill).
B6: Daily targets: 100 calls and outreaches, 4 meetings booked for the next day, 2 meetings done, all pipeline follow-ups cleared. Weekly: 2 closed deals per rep.
B7: Accounting and growth targets are in a separate confidential file that only Sahill can see.
B9: Traffic light - how likely the deal is to close:
B10: Green = decision maker engaged, has seen the free video, expected to sign within 7 days.
B11: Yellow = interested, but something is stopping them. Name the blocker and the next action that removes it.
B12: Red = unlikely right now: no reply, no budget, or said no. Follow up monthly.
B14: Rules:
B15: Every open deal has a traffic light, a blocker (or 'None') and a next follow-up date. No date = the deal is forgotten.
B16: The Follow-up column turns TODAY or OVERDUE by itself. Clear all of these before 13:00 every day.
... B22: Grey italic row 2 on each tab = EXAMPLE showing the format. Delete it once real data starts.

Sheet Sales Daily KPIs
A1: Date | B1: Sales rep | C1: Calls and outreaches (target 100) | D1: Meetings booked for next day (target 4) | E1: Meetings done today (target 2) | F1: Follow-ups due from pipeline | G1: Follow-ups done | H1: Follow-ups cleared % | I1: Deals closed today | J1: Daily targets hit (of 4) | K1: Notes / what stopped the target
A2: 46344 | B2: Usama Rehman | C2: 104 | D2: 4 | E2: 2 | F2: 6 | G2: 6 | H2: =IF(OR(F2="",F2=0),IF(G2="","",1),MIN(1,G2/F2)) -> 1 | I2: 0 | J2: =IF(C2="","",(C2>=Targets!$B$2)+(D2>=Targets!$B$3)+(E2>=Targets!$B$4)+(N(H2)>=1))&"/4" -> 4/4 | K2: EXAMPLE row - delete
A3: 46345 | B3: Usama Rehman | H3: =IF(OR(F3="",F3=0),IF(G3="","",1),MIN(1,G3/F3)) | J3: =IF(C3="","",(C3>=Targets!$B$2)+(D3>=Targets!$B$3)+(E3>=Targets!$B$4)+(N(H3)>=1))&"/4" -> /4
A4: 46346 | B4: Usama Rehman | H4: =IF(OR(F4="",F4=0),IF(G4="","",1),MIN(1,G4/F4)) | J4: =IF(C4="","",(C4>=Targets!$B$2)+(D4>=Targets!$B$3)+(E4>=Targets!$B$4)+(N(H4)>=1))&"/4" -> /4
A5: 46347 | B5: Usama Rehman | H5: =IF(OR(F5="",F5=0),IF(G5="","",1),MIN(1,G5/F5)) | J5: =IF(C5="","",(C5>=Targets!$B$2)+(D5>=Targets!$B$3)+(E5>=Targets!$B$4)+(N(H5)>=1))&"/4" -> /4
A6: 46349 | B6: Usama Rehman | H6: =IF(OR(F6="",F6=0),IF(G6="","",1),MIN(1,G6/F6)) | J6: =IF(C6="","",(C6>=Targets!$B$2)+(D6>=Targets!$B$3)+(E6>=Targets!$B$4)+(N(H6)>=1))&"/4" -> /4
A7: 46350 | B7: Usama Rehman | H7: =IF(OR(F7="",F7=0),IF(G7="","",1),MIN(1,G7/F7)) | J7: =IF(C7="","",(C7>=Targets!$B$2)+(D7>=Targets!$B$3)+(E7>=Targets!$B$4)+(N(H7)>=1))&"/4" -> /4
A8: 46351 | B8: Usama Rehman | H8: =IF(OR(F8="",F8=0),IF(G8="","",1),MIN(1,G8/F8)) | J8: =IF(C8="","",(C8>=Targets!$B$2)+(D8>=Targets!$B$3)+(E8>=Targets!$B$4)+(N(H8)>=1))&"/4" -> /4
A9: 46352 | B9: Usama Rehman | H9: =IF(OR(F9="",F9=0),IF(G9="","",1),MIN(1,G9/F9)) | J9: =IF(C9="","",(C9>=Targets!$B$2)+(D9>=Targets!$B$3)+(E9>=Targets!$B$4)+(N(H9)>=1))&"/4" -> /4
A10: 46353 | B10: Usama Rehman | H10: =IF(OR(F10="",F10=0),IF(G10="","",1),MIN(1,G10/F10)) | J10: =IF(C10="","",(C10>=Targets!$B$2)+(D10>=Targets!$B$3)+(E10>=Targets!$B$4)+(N(H10)>=1))&"/4" -> /4
A11: 46354 | B11: Usama Rehman | H11: =IF(OR(F11="",F11=0),IF(G11="","",1),MIN(1,G11/F11)) | J11: =IF(C11="","",(C11>=Targets!$B$2)+(D11>=Targets!$B$3)+(E11>=Targets!$B$4)+(N(H11)>=1))&"/4" -> /4
A12: 46356 | B12: Usama Rehman | H12: =IF(OR(F12="",F12=0),IF(G12="","",1),MIN(1,G12/F12)) | J12: =IF(C12="","",(C12>=Targets!$B$2)+(D12>=Targets!$B$3)+(E12>=Targets!$B$4)+(N(H12)>=1))&"/4" -> /4
A13: 46357 | B13: Usama Rehman | H13: =IF(OR(F13="",F13=0),IF(G13="","",1),MIN(1,G13/F13)) | J13: =IF(C13="","",(C13>=Targets!$B$2)+(D13>=Targets!$B$3)+(E13>=Targets!$B$4)+(N(H13)>=1))&"/4" -> /4
A14: 46358 | B14: Usama Rehman | H14: =IF(OR(F14="",F14=0),IF(G14="","",1),MIN(1,G14/F14)) | J14: =IF(C14="","",(C14>=Targets!$B$2)+(D14>=Targets!$B$3)+(E14>=Targets!$B$4)+(N(H14)>=1))&"/4" -> /4
... A39: 46387 | B39: Usama Rehman | H39: =IF(OR(F39="",F39=0),IF(G39="","",1),MIN(1,G39/F39)) | J39: =IF(C39="","",(C39>=Targets!$B$2)+(D39>=Targets!$B$3)+(E39>=Targets!$B$4)+(N(H39)>=1))&"/4" -> /4
H40: =IF(OR(F40="",F40=0),IF(G40="","",1),MIN(1,G40/F40)) | J40: =IF(C40="","",(C40>=Targets!$B$2)+(D40>=Targets!$B$3)+(E40>=Targets!$B$4)+(N(H40)>=1))&"/4" -> /4
H41: =IF(OR(F41="",F41=0),IF(G41="","",1),MIN(1,G41/F41)) | J41: =IF(C41="","",(C41>=Targets!$B$2)+(D41>=Targets!$B$3)+(E41>=Targets!$B$4)+(N(H41)>=1))&"/4" -> /4
H42: =IF(OR(F42="",F42=0),IF(G42="","",1),MIN(1,G42/F42)) | J42: =IF(C42="","",(C42>=Targets!$B$2)+(D42>=Targets!$B$3)+(E42>=Targets!$B$4)+(N(H42)>=1))&"/4" -> /4
H43: =IF(OR(F43="",F43=0),IF(G43="","",1),MIN(1,G43/F43)) | J43: =IF(C43="","",(C43>=Targets!$B$2)+(D43>=Targets!$B$3)+(E43>=Targets!$B$4)+(N(H43)>=1))&"/4" -> /4
H44: =IF(OR(F44="",F44=0),IF(G44="","",1),MIN(1,G44/F44)) | J44: =IF(C44="","",(C44>=Targets!$B$2)+(D44>=Targets!$B$3)+(E44>=Targets!$B$4)+(N(H44)>=1))&"/4" -> /4
H45: =IF(OR(F45="",F45=0),IF(G45="","",1),MIN(1,G45/F45)) | J45: =IF(C45="","",(C45>=Targets!$B$2)+(D45>=Targets!$B$3)+(E45>=Targets!$B$4)+(N(H45)>=1))&"/4" -> /4
H46: =IF(OR(F46="",F46=0),IF(G46="","",1),MIN(1,G46/F46)) | J46: =IF(C46="","",(C46>=Targets!$B$2)+(D46>=Targets!$B$3)+(E46>=Targets!$B$4)+(N(H46)>=1))&"/4" -> /4
H47: =IF(OR(F47="",F47=0),IF(G47="","",1),MIN(1,G47/F47)) | J47: =IF(C47="","",(C47>=Targets!$B$2)+(D47>=Targets!$B$3)+(E47>=Targets!$B$4)+(N(H47)>=1))&"/4" -> /4
H48: =IF(OR(F48="",F48=0),IF(G48="","",1),MIN(1,G48/F48)) | J48: =IF(C48="","",(C48>=Targets!$B$2)+(D48>=Targets!$B$3)+(E48>=Targets!$B$4)+(N(H48)>=1))&"/4" -> /4
H49: =IF(OR(F49="",F49=0),IF(G49="","",1),MIN(1,G49/F49)) | J49: =IF(C49="","",(C49>=Targets!$B$2)+(D49>=Targets!$B$3)+(E49>=Targets!$B$4)+(N(H49)>=1))&"/4" -> /4
H50: =IF(OR(F50="",F50=0),IF(G50="","",1),MIN(1,G50/F50)) | J50: =IF(C50="","",(C50>=Targets!$B$2)+(D50>=Targets!$B$3)+(E50>=Targets!$B$4)+(N(H50)>=1))&"/4" -> /4
H51: =IF(OR(F51="",F51=0),IF(G51="","",1),MIN(1,G51/F51)) | J51: =IF(C51="","",(C51>=Targets!$B$2)+(D51>=Targets!$B$3)+(E51>=Targets!$B$4)+(N(H51)>=1))&"/4" -> /4
... H601: =IF(OR(F601="",F601=0),IF(G601="","",1),MIN(1,G601/F601)) | J601: =IF(C601="","",(C601>=Targets!$B$2)+(D601>=Targets!$B$3)+(E601>=Targets!$B$4)+(N(H601)>=1))&"/4" -> /4

Sheet Sales Weekly KPIs
A1: Week start | B1: Week end | C1: Sales rep | D1: Days reported | E1: Calls and outreaches | F1: Target | G1: Meetings booked | H1: Target | I1: Meetings done | J1: Target | K1: Follow-ups cleared % | L1: Deals closed | M1: Target | N1: Notes
A2: 46345 | B2: =IF(A2="","",A2+6) -> 46351 | C2: Usama Rehman | D2: =IF(A2="","",COUNTIFS('Sales Daily KPIs'!$B:$B,$C2,'Sales Daily KPIs'!$A:$A,">="&$A2,'Sales Daily KPIs'!$A:$A,"<="&$B2,'Sales Daily KPIs'!$C:$C,"<>")) -> 0 | E2: =IF(A2="","",SUMIFS('Sales Daily KPIs'!$C:$C,'Sales Daily KPIs'!$B:$B,$C2,'Sales Daily KPIs'!$A:$A,">="&$A2,'Sales Daily KPIs'!$A:$A,"<="&$B2)) -> 0 | F2: =IF(A2="","",Targets!$B$2*Targets!$B$6) -> 600 | G2: =IF(A2="","",SUMIFS('Sales Daily KPIs'!$D:$D,'Sales Daily KPIs'!$B:$B,$C2,'Sales Daily KPIs'!$A:$A,">="&$A2,'Sales Daily KPIs'!$A:$A,"<="&$B2)) -> 0 | H2: =IF(A2="","",Targets!$B$3*Targets!$B$6) -> 24 | I2: =IF(A2="","",SUMIFS('Sales Daily KPIs'!$E:$E,'Sales Daily KPIs'!$B:$B,$C2,'Sales Daily KPIs'!$A:$A,">="&$A2,'Sales Daily KPIs'!$A:$A,"<="&$B2)) -> 0 | J2: =IF(A2="","",Targets!$B$4*Targets!$B$6) -> 12 | K2: =IF(A2="","",IFERROR(SUMIFS('Sales Daily KPIs'!$G:$G,'Sales Daily KPIs'!$B:$B,$C2,'Sales Daily KPIs'!$A:$A,">="&$A2,'Sales Daily KPIs'!$A:$A,"<="&$B2)/SUMIFS('Sales Daily KPIs'!$F:$F,'Sales Daily KPIs'!$B:$B,$C2,'Sales Daily KPIs'!$A:$A,">="&$A2,'Sales Daily KPIs'!$A:$A,"<="&$B2),"")) | L2: =IF(A2="","",SUMIFS('Sales Daily KPIs'!$I:$I,'Sales Daily KPIs'!$B:$B,$C2,'Sales Daily KPIs'!$A:$A,">="&$A2,'Sales Daily KPIs'!$A:$A,"<="&$B2)) -> 0 | M2: =IF(A2="","",Targets!$B$5) -> 2
A3: 46352 | B3: =IF(A3="","",A3+6) -> 46358 | C3: Usama Rehman | D3: =IF(A3="","",COUNTIFS('Sales Daily KPIs'!$B:$B,$C3,'Sales Daily KPIs'!$A:$A,">="&$A3,'Sales Daily KPIs'!$A:$A,"<="&$B3,'Sales Daily KPIs'!$C:$C,"<>")) -> 0 | E3: =IF(A3="","",SUMIFS('Sales Daily KPIs'!$C:$C,'Sales Daily KPIs'!$B:$B,$C3,'Sales Daily KPIs'!$A:$A,">="&$A3,'Sales Daily KPIs'!$A:$A,"<="&$B3)) -> 0 | F3: =IF(A3="","",Targets!$B$2*Targets!$B$6) -> 600 | G3: =IF(A3="","",SUMIFS('Sales Daily KPIs'!$D:$D,'Sales Daily KPIs'!$B:$B,$C3,'Sales Daily KPIs'!$A:$A,">="&$A3,'Sales Daily KPIs'!$A:$A,"<="&$B3)) -> 0 | H3: =IF(A3="","",Targets!$B$3*Targets!$B$6) -> 24 | I3: =IF(A3="","",SUMIFS('Sales Daily KPIs'!$E:$E,'Sales Daily KPIs'!$B:$B,$C3,'Sales Daily KPIs'!$A:$A,">="&$A3,'Sales Daily KPIs'!$A:$A,"<="&$B3)) -> 0 | J3: =IF(A3="","",Targets!$B$4*Targets!$B$6) -> 12 | K3: =IF(A3="","",IFERROR(SUMIFS('Sales Daily KPIs'!$G:$G,'Sales Daily KPIs'!$B:$B,$C3,'Sales Daily KPIs'!$A:$A,">="&$A3,'Sales Daily KPIs'!$A:$A,"<="&$B3)/SUMIFS('Sales Daily KPIs'!$F:$F,'Sales Daily KPIs'!$B:$B,$C3,'Sales Daily KPIs'!$A:$A,">="&$A3,'Sales Daily KPIs'!$A:$A,"<="&$B3),"")) | L3: =IF(A3="","",SUMIFS('Sales Daily KPIs'!$I:$I,'Sales Daily KPIs'!$B:$B,$C3,'Sales Daily KPIs'!$A:$A,">="&$A3,'Sales Daily KPIs'!$A:$A,"<="&$B3)) -> 0 | M3: =IF(A3="","",Targets!$B$5) -> 2
A4: 46359 | B4: =IF(A4="","",A4+6) -> 46365 | C4: Usama Rehman | D4: =IF(A4="","",COUNTIFS('Sales Daily KPIs'!$B:$B,$C4,'Sales Daily KPIs'!$A:$A,">="&$A4,'Sales Daily KPIs'!$A:$A,"<="&$B4,'Sales Daily KPIs'!$C:$C,"<>")) -> 0 | E4: =IF(A4="","",SUMIFS('Sales Daily KPIs'!$C:$C,'Sales Daily KPIs'!$B:$B,$C4,'Sales Daily KPIs'!$A:$A,">="&$A4,'Sales Daily KPIs'!$A:$A,"<="&$B4)) -> 0 | F4: =IF(A4="","",Targets!$B$2*Targets!$B$6) -> 600 | G4: =IF(A4="","",SUMIFS('Sales Daily KPIs'!$D:$D,'Sales Daily KPIs'!$B:$B,$C4,'Sales Daily KPIs'!$A:$A,">="&$A4,'Sales Daily KPIs'!$A:$A,"<="&$B4)) -> 0 | H4: =IF(A4="","",Targets!$B$3*Targets!$B$6) -> 24 | I4: =IF(A4="","",SUMIFS('Sales Daily KPIs'!$E:$E,'Sales Daily KPIs'!$B:$B,$C4,'Sales Daily KPIs'!$A:$A,">="&$A4,'Sales Daily KPIs'!$A:$A,"<="&$B4)) -> 0 | J4: =IF(A4="","",Targets!$B$4*Targets!$B$6) -> 12 | K4: =IF(A4="","",IFERROR(SUMIFS('Sales Daily KPIs'!$G:$G,'Sales Daily KPIs'!$B:$B,$C4,'Sales Daily KPIs'!$A:$A,">="&$A4,'Sales Daily KPIs'!$A:$A,"<="&$B4)/SUMIFS('Sales Daily KPIs'!$F:$F,'Sales Daily KPIs'!$B:$B,$C4,'Sales Daily KPIs'!$A:$A,">="&$A4,'Sales Daily KPIs'!$A:$A,"<="&$B4),"")) | L4: =IF(A4="","",SUMIFS('Sales Daily KPIs'!$I:$I,'Sales Daily KPIs'!$B:$B,$C4,'Sales Daily KPIs'!$A:$A,">="&$A4,'Sales Daily KPIs'!$A:$A,"<="&$B4)) -> 0 | M4: =IF(A4="","",Targets!$B$5) -> 2
A5: 46366 | B5: =IF(A5="","",A5+6) -> 46372 | C5: Usama Rehman | D5: =IF(A5="","",COUNTIFS('Sales Daily KPIs'!$B:$B,$C5,'Sales Daily KPIs'!$A:$A,">="&$A5,'Sales Daily KPIs'!$A:$A,"<="&$B5,'Sales Daily KPIs'!$C:$C,"<>")) -> 0 | E5: =IF(A5="","",SUMIFS('Sales Daily KPIs'!$C:$C,'Sales Daily KPIs'!$B:$B,$C5,'Sales Daily KPIs'!$A:$A,">="&$A5,'Sales Daily KPIs'!$A:$A,"<="&$B5)) -> 0 | F5: =IF(A5="","",Targets!$B$2*Targets!$B$6) -> 600 | G5: =IF(A5="","",SUMIFS('Sales Daily KPIs'!$D:$D,'Sales Daily KPIs'!$B:$B,$C5,'Sales Daily KPIs'!$A:$A,">="&$A5,'Sales Daily KPIs'!$A:$A,"<="&$B5)) -> 0 | H5: =IF(A5="","",Targets!$B$3*Targets!$B$6) -> 24 | I5: =IF(A5="","",SUMIFS('Sales Daily KPIs'!$E:$E,'Sales Daily KPIs'!$B:$B,$C5,'Sales Daily KPIs'!$A:$A,">="&$A5,'Sales Daily KPIs'!$A:$A,"<="&$B5)) -> 0 | J5: =IF(A5="","",Targets!$B$4*Targets!$B$6) -> 12 | K5: =IF(A5="","",IFERROR(SUMIFS('Sales Daily KPIs'!$G:$G,'Sales Daily KPIs'!$B:$B,$C5,'Sales Daily KPIs'!$A:$A,">="&$A5,'Sales Daily KPIs'!$A:$A,"<="&$B5)/SUMIFS('Sales Daily KPIs'!$F:$F,'Sales Daily KPIs'!$B:$B,$C5,'Sales Daily KPIs'!$A:$A,">="&$A5,'Sales Daily KPIs'!$A:$A,"<="&$B5),"")) | L5: =IF(A5="","",SUMIFS('Sales Daily KPIs'!$I:$I,'Sales Daily KPIs'!$B:$B,$C5,'Sales Daily KPIs'!$A:$A,">="&$A5,'Sales Daily KPIs'!$A:$A,"<="&$B5)) -> 0 | M5: =IF(A5="","",Targets!$B$5) -> 2
A6: 46373 | B6: =IF(A6="","",A6+6) -> 46379 | C6: Usama Rehman | D6: =IF(A6="","",COUNTIFS('Sales Daily KPIs'!$B:$B,$C6,'Sales Daily KPIs'!$A:$A,">="&$A6,'Sales Daily KPIs'!$A:$A,"<="&$B6,'Sales Daily KPIs'!$C:$C,"<>")) -> 0 | E6: =IF(A6="","",SUMIFS('Sales Daily KPIs'!$C:$C,'Sales Daily KPIs'!$B:$B,$C6,'Sales Daily KPIs'!$A:$A,">="&$A6,'Sales Daily KPIs'!$A:$A,"<="&$B6)) -> 0 | F6: =IF(A6="","",Targets!$B$2*Targets!$B$6) -> 600 | G6: =IF(A6="","",SUMIFS('Sales Daily KPIs'!$D:$D,'Sales Daily KPIs'!$B:$B,$C6,'Sales Daily KPIs'!$A:$A,">="&$A6,'Sales Daily KPIs'!$A:$A,"<="&$B6)) -> 0 | H6: =IF(A6="","",Targets!$B$3*Targets!$B$6) -> 24 | I6: =IF(A6="","",SUMIFS('Sales Daily KPIs'!$E:$E,'Sales Daily KPIs'!$B:$B,$C6,'Sales Daily KPIs'!$A:$A,">="&$A6,'Sales Daily KPIs'!$A:$A,"<="&$B6)) -> 0 | J6: =IF(A6="","",Targets!$B$4*Targets!$B$6) -> 12 | K6: =IF(A6="","",IFERROR(SUMIFS('Sales Daily KPIs'!$G:$G,'Sales Daily KPIs'!$B:$B,$C6,'Sales Daily KPIs'!$A:$A,">="&$A6,'Sales Daily KPIs'!$A:$A,"<="&$B6)/SUMIFS('Sales Daily KPIs'!$F:$F,'Sales Daily KPIs'!$B:$B,$C6,'Sales Daily KPIs'!$A:$A,">="&$A6,'Sales Daily KPIs'!$A:$A,"<="&$B6),"")) | L6: =IF(A6="","",SUMIFS('Sales Daily KPIs'!$I:$I,'Sales Daily KPIs'!$B:$B,$C6,'Sales Daily KPIs'!$A:$A,">="&$A6,'Sales Daily KPIs'!$A:$A,"<="&$B6)) -> 0 | M6: =IF(A6="","",Targets!$B$5) -> 2
A7: 46380 | B7: =IF(A7="","",A7+6) -> 46386 | C7: Usama Rehman | D7: =IF(A7="","",COUNTIFS('Sales Daily KPIs'!$B:$B,$C7,'Sales Daily KPIs'!$A:$A,">="&$A7,'Sales Daily KPIs'!$A:$A,"<="&$B7,'Sales Daily KPIs'!$C:$C,"<>")) -> 0 | E7: =IF(A7="","",SUMIFS('Sales Daily KPIs'!$C:$C,'Sales Daily KPIs'!$B:$B,$C7,'Sales Daily KPIs'!$A:$A,">="&$A7,'Sales Daily KPIs'!$A:$A,"<="&$B7)) -> 0 | F7: =IF(A7="","",Targets!$B$2*Targets!$B$6) -> 600 | G7: =IF(A7="","",SUMIFS('Sales Daily KPIs'!$D:$D,'Sales Daily KPIs'!$B:$B,$C7,'Sales Daily KPIs'!$A:$A,">="&$A7,'Sales Daily KPIs'!$A:$A,"<="&$B7)) -> 0 | H7: =IF(A7="","",Targets!$B$3*Targets!$B$6) -> 24 | I7: =IF(A7="","",SUMIFS('Sales Daily KPIs'!$E:$E,'Sales Daily KPIs'!$B:$B,$C7,'Sales Daily KPIs'!$A:$A,">="&$A7,'Sales Daily KPIs'!$A:$A,"<="&$B7)) -> 0 | J7: =IF(A7="","",Targets!$B$4*Targets!$B$6) -> 12 | K7: =IF(A7="","",IFERROR(SUMIFS('Sales Daily KPIs'!$G:$G,'Sales Daily KPIs'!$B:$B,$C7,'Sales Daily KPIs'!$A:$A,">="&$A7,'Sales Daily KPIs'!$A:$A,"<="&$B7)/SUMIFS('Sales Daily KPIs'!$F:$F,'Sales Daily KPIs'!$B:$B,$C7,'Sales Daily KPIs'!$A:$A,">="&$A7,'Sales Daily KPIs'!$A:$A,"<="&$B7),"")) | L7: =IF(A7="","",SUMIFS('Sales Daily KPIs'!$I:$I,'Sales Daily KPIs'!$B:$B,$C7,'Sales Daily KPIs'!$A:$A,">="&$A7,'Sales Daily KPIs'!$A:$A,"<="&$B7)) -> 0 | M7: =IF(A7="","",Targets!$B$5) -> 2
A8: 46387 | B8: =IF(A8="","",A8+6) -> 46393 | C8: Usama Rehman | D8: =IF(A8="","",COUNTIFS('Sales Daily KPIs'!$B:$B,$C8,'Sales Daily KPIs'!$A:$A,">="&$A8,'Sales Daily KPIs'!$A:$A,"<="&$B8,'Sales Daily KPIs'!$C:$C,"<>")) -> 0 | E8: =IF(A8="","",SUMIFS('Sales Daily KPIs'!$C:$C,'Sales Daily KPIs'!$B:$B,$C8,'Sales Daily KPIs'!$A:$A,">="&$A8,'Sales Daily KPIs'!$A:$A,"<="&$B8)) -> 0 | F8: =IF(A8="","",Targets!$B$2*Targets!$B$6) -> 600 | G8: =IF(A8="","",SUMIFS('Sales Daily KPIs'!$D:$D,'Sales Daily KPIs'!$B:$B,$C8,'Sales Daily KPIs'!$A:$A,">="&$A8,'Sales Daily KPIs'!$A:$A,"<="&$B8)) -> 0 | H8: =IF(A8="","",Targets!$B$3*Targets!$B$6) -> 24 | I8: =IF(A8="","",SUMIFS('Sales Daily KPIs'!$E:$E,'Sales Daily KPIs'!$B:$B,$C8,'Sales Daily KPIs'!$A:$A,">="&$A8,'Sales Daily KPIs'!$A:$A,"<="&$B8)) -> 0 | J8: =IF(A8="","",Targets!$B$4*Targets!$B$6) -> 12 | K8: =IF(A8="","",IFERROR(SUMIFS('Sales Daily KPIs'!$G:$G,'Sales Daily KPIs'!$B:$B,$C8,'Sales Daily KPIs'!$A:$A,">="&$A8,'Sales Daily KPIs'!$A:$A,"<="&$B8)/SUMIFS('Sales Daily KPIs'!$F:$F,'Sales Daily KPIs'!$B:$B,$C8,'Sales Daily KPIs'!$A:$A,">="&$A8,'Sales Daily KPIs'!$A:$A,"<="&$B8),"")) | L8: =IF(A8="","",SUMIFS('Sales Daily KPIs'!$I:$I,'Sales Daily KPIs'!$B:$B,$C8,'Sales Daily KPIs'!$A:$A,">="&$A8,'Sales Daily KPIs'!$A:$A,"<="&$B8)) -> 0 | M8: =IF(A8="","",Targets!$B$5) -> 2
A9: 46394 | B9: =IF(A9="","",A9+6) -> 46400 | C9: Usama Rehman | D9: =IF(A9="","",COUNTIFS('Sales Daily KPIs'!$B:$B,$C9,'Sales Daily KPIs'!$A:$A,">="&$A9,'Sales Daily KPIs'!$A:$A,"<="&$B9,'Sales Daily KPIs'!$C:$C,"<>")) -> 0 | E9: =IF(A9="","",SUMIFS('Sales Daily KPIs'!$C:$C,'Sales Daily KPIs'!$B:$B,$C9,'Sales Daily KPIs'!$A:$A,">="&$A9,'Sales Daily KPIs'!$A:$A,"<="&$B9)) -> 0 | F9: =IF(A9="","",Targets!$B$2*Targets!$B$6) -> 600 | G9: =IF(A9="","",SUMIFS('Sales Daily KPIs'!$D:$D,'Sales Daily KPIs'!$B:$B,$C9,'Sales Daily KPIs'!$A:$A,">="&$A9,'Sales Daily KPIs'!$A:$A,"<="&$B9)) -> 0 | H9: =IF(A9="","",Targets!$B$3*Targets!$B$6) -> 24 | I9: =IF(A9="","",SUMIFS('Sales Daily KPIs'!$E:$E,'Sales Daily KPIs'!$B:$B,$C9,'Sales Daily KPIs'!$A:$A,">="&$A9,'Sales Daily KPIs'!$A:$A,"<="&$B9)) -> 0 | J9: =IF(A9="","",Targets!$B$4*Targets!$B$6) -> 12 | K9: =IF(A9="","",IFERROR(SUMIFS('Sales Daily KPIs'!$G:$G,'Sales Daily KPIs'!$B:$B,$C9,'Sales Daily KPIs'!$A:$A,">="&$A9,'Sales Daily KPIs'!$A:$A,"<="&$B9)/SUMIFS('Sales Daily KPIs'!$F:$F,'Sales Daily KPIs'!$B:$B,$C9,'Sales Daily KPIs'!$A:$A,">="&$A9,'Sales Daily KPIs'!$A:$A,"<="&$B9),"")) | L9: =IF(A9="","",SUMIFS('Sales Daily KPIs'!$I:$I,'Sales Daily KPIs'!$B:$B,$C9,'Sales Daily KPIs'!$A:$A,">="&$A9,'Sales Daily KPIs'!$A:$A,"<="&$B9)) -> 0 | M9: =IF(A9="","",Targets!$B$5) -> 2
A10: 46401 | B10: =IF(A10="","",A10+6) -> 46407 | C10: Usama Rehman | D10: =IF(A10="","",COUNTIFS('Sales Daily KPIs'!$B:$B,$C10,'Sales Daily KPIs'!$A:$A,">="&$A10,'Sales Daily KPIs'!$A:$A,"<="&$B10,'Sales Daily KPIs'!$C:$C,"<>")) -> 0 | E10: =IF(A10="","",SUMIFS('Sales Daily KPIs'!$C:$C,'Sales Daily KPIs'!$B:$B,$C10,'Sales Daily KPIs'!$A:$A,">="&$A10,'Sales Daily KPIs'!$A:$A,"<="&$B10)) -> 0 | F10: =IF(A10="","",Targets!$B$2*Targets!$B$6) -> 600 | G10: =IF(A10="","",SUMIFS('Sales Daily KPIs'!$D:$D,'Sales Daily KPIs'!$B:$B,$C10,'Sales Daily KPIs'!$A:$A,">="&$A10,'Sales Daily KPIs'!$A:$A,"<="&$B10)) -> 0 | H10: =IF(A10="","",Targets!$B$3*Targets!$B$6) -> 24 | I10: =IF(A10="","",SUMIFS('Sales Daily KPIs'!$E:$E,'Sales Daily KPIs'!$B:$B,$C10,'Sales Daily KPIs'!$A:$A,">="&$A10,'Sales Daily KPIs'!$A:$A,"<="&$B10)) -> 0 | J10: =IF(A10="","",Targets!$B$4*Targets!$B$6) -> 12 | K10: =IF(A10="","",IFERROR(SUMIFS('Sales Daily KPIs'!$G:$G,'Sales Daily KPIs'!$B:$B,$C10,'Sales Daily KPIs'!$A:$A,">="&$A10,'Sales Daily KPIs'!$A:$A,"<="&$B10)/SUMIFS('Sales Daily KPIs'!$F:$F,'Sales Daily KPIs'!$B:$B,$C10,'Sales Daily KPIs'!$A:$A,">="&$A10,'Sales Daily KPIs'!$A:$A,"<="&$B10),"")) | L10: =IF(A10="","",SUMIFS('Sales Daily KPIs'!$I:$I,'Sales Daily KPIs'!$B:$B,$C10,'Sales Daily KPIs'!$A:$A,">="&$A10,'Sales Daily KPIs'!$A:$A,"<="&$B10)) -> 0 | M10: =IF(A10="","",Targets!$B$5) -> 2
A11: 46408 | B11: =IF(A11="","",A11+6) -> 46414 | C11: Usama Rehman | D11: =IF(A11="","",COUNTIFS('Sales Daily KPIs'!$B:$B,$C11,'Sales Daily KPIs'!$A:$A,">="&$A11,'Sales Daily KPIs'!$A:$A,"<="&$B11,'Sales Daily KPIs'!$C:$C,"<>")) -> 0 | E11: =IF(A11="","",SUMIFS('Sales Daily KPIs'!$C:$C,'Sales Daily KPIs'!$B:$B,$C11,'Sales Daily KPIs'!$A:$A,">="&$A11,'Sales Daily KPIs'!$A:$A,"<="&$B11)) -> 0 | F11: =IF(A11="","",Targets!$B$2*Targets!$B$6) -> 600 | G11: =IF(A11="","",SUMIFS('Sales Daily KPIs'!$D:$D,'Sales Daily KPIs'!$B:$B,$C11,'Sales Daily KPIs'!$A:$A,">="&$A11,'Sales Daily KPIs'!$A:$A,"<="&$B11)) -> 0 | H11: =IF(A11="","",Targets!$B$3*Targets!$B$6) -> 24 | I11: =IF(A11="","",SUMIFS('Sales Daily KPIs'!$E:$E,'Sales Daily KPIs'!$B:$B,$C11,'Sales Daily KPIs'!$A:$A,">="&$A11,'Sales Daily KPIs'!$A:$A,"<="&$B11)) -> 0 | J11: =IF(A11="","",Targets!$B$4*Targets!$B$6) -> 12 | K11: =IF(A11="","",IFERROR(SUMIFS('Sales Daily KPIs'!$G:$G,'Sales Daily KPIs'!$B:$B,$C11,'Sales Daily KPIs'!$A:$A,">="&$A11,'Sales Daily KPIs'!$A:$A,"<="&$B11)/SUMIFS('Sales Daily KPIs'!$F:$F,'Sales Daily KPIs'!$B:$B,$C11,'Sales Daily KPIs'!$A:$A,">="&$A11,'Sales Daily KPIs'!$A:$A,"<="&$B11),"")) | L11: =IF(A11="","",SUMIFS('Sales Daily KPIs'!$I:$I,'Sales Daily KPIs'!$B:$B,$C11,'Sales Daily KPIs'!$A:$A,">="&$A11,'Sales Daily KPIs'!$A:$A,"<="&$B11)) -> 0 | M11: =IF(A11="","",Targets!$B$5) -> 2
A12: 46415 | B12: =IF(A12="","",A12+6) -> 46421 | C12: Usama Rehman | D12: =IF(A12="","",COUNTIFS('Sales Daily KPIs'!$B:$B,$C12,'Sales Daily KPIs'!$A:$A,">="&$A12,'Sales Daily KPIs'!$A:$A,"<="&$B12,'Sales Daily KPIs'!$C:$C,"<>")) -> 0 | E12: =IF(A12="","",SUMIFS('Sales Daily KPIs'!$C:$C,'Sales Daily KPIs'!$B:$B,$C12,'Sales Daily KPIs'!$A:$A,">="&$A12,'Sales Daily KPIs'!$A:$A,"<="&$B12)) -> 0 | F12: =IF(A12="","",Targets!$B$2*Targets!$B$6) -> 600 | G12: =IF(A12="","",SUMIFS('Sales Daily KPIs'!$D:$D,'Sales Daily KPIs'!$B:$B,$C12,'Sales Daily KPIs'!$A:$A,">="&$A12,'Sales Daily KPIs'!$A:$A,"<="&$B12)) -> 0 | H12: =IF(A12="","",Targets!$B$3*Targets!$B$6) -> 24 | I12: =IF(A12="","",SUMIFS('Sales Daily KPIs'!$E:$E,'Sales Daily KPIs'!$B:$B,$C12,'Sales Daily KPIs'!$A:$A,">="&$A12,'Sales Daily KPIs'!$A:$A,"<="&$B12)) -> 0 | J12: =IF(A12="","",Targets!$B$4*Targets!$B$6) -> 12 | K12: =IF(A12="","",IFERROR(SUMIFS('Sales Daily KPIs'!$G:$G,'Sales Daily KPIs'!$B:$B,$C12,'Sales Daily KPIs'!$A:$A,">="&$A12,'Sales Daily KPIs'!$A:$A,"<="&$B12)/SUMIFS('Sales Daily KPIs'!$F:$F,'Sales Daily KPIs'!$B:$B,$C12,'Sales Daily KPIs'!$A:$A,">="&$A12,'Sales Daily KPIs'!$A:$A,"<="&$B12),"")) | L12: =IF(A12="","",SUMIFS('Sales Daily KPIs'!$I:$I,'Sales Daily KPIs'!$B:$B,$C12,'Sales Daily KPIs'!$A:$A,">="&$A12,'Sales Daily KPIs'!$A:$A,"<="&$B12)) -> 0 | M12: =IF(A12="","",Targets!$B$5) -> 2
A13: 46422 | B13: =IF(A13="","",A13+6) -> 46428 | C13: Usama Rehman | D13: =IF(A13="","",COUNTIFS('Sales Daily KPIs'!$B:$B,$C13,'Sales Daily KPIs'!$A:$A,">="&$A13,'Sales Daily KPIs'!$A:$A,"<="&$B13,'Sales Daily KPIs'!$C:$C,"<>")) -> 0 | E13: =IF(A13="","",SUMIFS('Sales Daily KPIs'!$C:$C,'Sales Daily KPIs'!$B:$B,$C13,'Sales Daily KPIs'!$A:$A,">="&$A13,'Sales Daily KPIs'!$A:$A,"<="&$B13)) -> 0 | F13: =IF(A13="","",Targets!$B$2*Targets!$B$6) -> 600 | G13: =IF(A13="","",SUMIFS('Sales Daily KPIs'!$D:$D,'Sales Daily KPIs'!$B:$B,$C13,'Sales Daily KPIs'!$A:$A,">="&$A13,'Sales Daily KPIs'!$A:$A,"<="&$B13)) -> 0 | H13: =IF(A13="","",Targets!$B$3*Targets!$B$6) -> 24 | I13: =IF(A13="","",SUMIFS('Sales Daily KPIs'!$E:$E,'Sales Daily KPIs'!$B:$B,$C13,'Sales Daily KPIs'!$A:$A,">="&$A13,'Sales Daily KPIs'!$A:$A,"<="&$B13)) -> 0 | J13: =IF(A13="","",Targets!$B$4*Targets!$B$6) -> 12 | K13: =IF(A13="","",IFERROR(SUMIFS('Sales Daily KPIs'!$G:$G,'Sales Daily KPIs'!$B:$B,$C13,'Sales Daily KPIs'!$A:$A,">="&$A13,'Sales Daily KPIs'!$A:$A,"<="&$B13)/SUMIFS('Sales Daily KPIs'!$F:$F,'Sales Daily KPIs'!$B:$B,$C13,'Sales Daily KPIs'!$A:$A,">="&$A13,'Sales Daily KPIs'!$A:$A,"<="&$B13),"")) | L13: =IF(A13="","",SUMIFS('Sales Daily KPIs'!$I:$I,'Sales Daily KPIs'!$B:$B,$C13,'Sales Daily KPIs'!$A:$A,">="&$A13,'Sales Daily KPIs'!$A:$A,"<="&$B13)) -> 0 | M13: =IF(A13="","",Targets!$B$5) -> 2
B14: =IF(A14="","",A14+6) | D14: =IF(A14="","",COUNTIFS('Sales Daily KPIs'!$B:$B,$C14,'Sales Daily KPIs'!$A:$A,">="&$A14,'Sales Daily KPIs'!$A:$A,"<="&$B14,'Sales Daily KPIs'!$C:$C,"<>")) | E14: =IF(A14="","",SUMIFS('Sales Daily KPIs'!$C:$C,'Sales Daily KPIs'!$B:$B,$C14,'Sales Daily KPIs'!$A:$A,">="&$A14,'Sales Daily KPIs'!$A:$A,"<="&$B14)) | F14: =IF(A14="","",Targets!$B$2*Targets!$B$6) | G14: =IF(A14="","",SUMIFS('Sales Daily KPIs'!$D:$D,'Sales Daily KPIs'!$B:$B,$C14,'Sales Daily KPIs'!$A:$A,">="&$A14,'Sales Daily KPIs'!$A:$A,"<="&$B14)) | H14: =IF(A14="","",Targets!$B$3*Targets!$B$6) | I14: =IF(A14="","",SUMIFS('Sales Daily KPIs'!$E:$E,'Sales Daily KPIs'!$B:$B,$C14,'Sales Daily KPIs'!$A:$A,">="&$A14,'Sales Daily KPIs'!$A:$A,"<="&$B14)) | J14: =IF(A14="","",Targets!$B$4*Targets!$B$6) | K14: =IF(A14="","",IFERROR(SUMIFS('Sales Daily KPIs'!$G:$G,'Sales Daily KPIs'!$B:$B,$C14,'Sales Daily KPIs'!$A:$A,">="&$A14,'Sales Daily KPIs'!$A:$A,"<="&$B14)/SUMIFS('Sales Daily KPIs'!$F:$F,'Sales Daily KPIs'!$B:$B,$C14,'Sales Daily KPIs'!$A:$A,">="&$A14,'Sales Daily KPIs'!$A:$A,"<="&$B14),"")) | L14: =IF(A14="","",SUMIFS('Sales Daily KPIs'!$I:$I,'Sales Daily KPIs'!$B:$B,$C14,'Sales Daily KPIs'!$A:$A,">="&$A14,'Sales Daily KPIs'!$A:$A,"<="&$B14)) | M14: =IF(A14="","",Targets!$B$5)
B15: =IF(A15="","",A15+6) | D15: =IF(A15="","",COUNTIFS('Sales Daily KPIs'!$B:$B,$C15,'Sales Daily KPIs'!$A:$A,">="&$A15,'Sales Daily KPIs'!$A:$A,"<="&$B15,'Sales Daily KPIs'!$C:$C,"<>")) | E15: =IF(A15="","",SUMIFS('Sales Daily KPIs'!$C:$C,'Sales Daily KPIs'!$B:$B,$C15,'Sales Daily KPIs'!$A:$A,">="&$A15,'Sales Daily KPIs'!$A:$A,"<="&$B15)) | F15: =IF(A15="","",Targets!$B$2*Targets!$B$6) | G15: =IF(A15="","",SUMIFS('Sales Daily KPIs'!$D:$D,'Sales Daily KPIs'!$B:$B,$C15,'Sales Daily KPIs'!$A:$A,">="&$A15,'Sales Daily KPIs'!$A:$A,"<="&$B15)) | H15: =IF(A15="","",Targets!$B$3*Targets!$B$6) | I15: =IF(A15="","",SUMIFS('Sales Daily KPIs'!$E:$E,'Sales Daily KPIs'!$B:$B,$C15,'Sales Daily KPIs'!$A:$A,">="&$A15,'Sales Daily KPIs'!$A:$A,"<="&$B15)) | J15: =IF(A15="","",Targets!$B$4*Targets!$B$6) | K15: =IF(A15="","",IFERROR(SUMIFS('Sales Daily KPIs'!$G:$G,'Sales Daily KPIs'!$B:$B,$C15,'Sales Daily KPIs'!$A:$A,">="&$A15,'Sales Daily KPIs'!$A:$A,"<="&$B15)/SUMIFS('Sales Daily KPIs'!$F:$F,'Sales Daily KPIs'!$B:$B,$C15,'Sales Daily KPIs'!$A:$A,">="&$A15,'Sales Daily KPIs'!$A:$A,"<="&$B15),"")) | L15: =IF(A15="","",SUMIFS('Sales Daily KPIs'!$I:$I,'Sales Daily KPIs'!$B:$B,$C15,'Sales Daily KPIs'!$A:$A,">="&$A15,'Sales Daily KPIs'!$A:$A,"<="&$B15)) | M15: =IF(A15="","",Targets!$B$5)
B16: =IF(A16="","",A16+6) | D16: =IF(A16="","",COUNTIFS('Sales Daily KPIs'!$B:$B,$C16,'Sales Daily KPIs'!$A:$A,">="&$A16,'Sales Daily KPIs'!$A:$A,"<="&$B16,'Sales Daily KPIs'!$C:$C,"<>")) | E16: =IF(A16="","",SUMIFS('Sales Daily KPIs'!$C:$C,'Sales Daily KPIs'!$B:$B,$C16,'Sales Daily KPIs'!$A:$A,">="&$A16,'Sales Daily KPIs'!$A:$A,"<="&$B16)) | F16: =IF(A16="","",Targets!$B$2*Targets!$B$6) | G16: =IF(A16="","",SUMIFS('Sales Daily KPIs'!$D:$D,'Sales Daily KPIs'!$B:$B,$C16,'Sales Daily KPIs'!$A:$A,">="&$A16,'Sales Daily KPIs'!$A:$A,"<="&$B16)) | H16: =IF(A16="","",Targets!$B$3*Targets!$B$6) | I16: =IF(A16="","",SUMIFS('Sales Daily KPIs'!$E:$E,'Sales Daily KPIs'!$B:$B,$C16,'Sales Daily KPIs'!$A:$A,">="&$A16,'Sales Daily KPIs'!$A:$A,"<="&$B16)) | J16: =IF(A16="","",Targets!$B$4*Targets!$B$6) | K16: =IF(A16="","",IFERROR(SUMIFS('Sales Daily KPIs'!$G:$G,'Sales Daily KPIs'!$B:$B,$C16,'Sales Daily KPIs'!$A:$A,">="&$A16,'Sales Daily KPIs'!$A:$A,"<="&$B16)/SUMIFS('Sales Daily KPIs'!$F:$F,'Sales Daily KPIs'!$B:$B,$C16,'Sales Daily KPIs'!$A:$A,">="&$A16,'Sales Daily KPIs'!$A:$A,"<="&$B16),"")) | L16: =IF(A16="","",SUMIFS('Sales Daily KPIs'!$I:$I,'Sales Daily KPIs'!$B:$B,$C16,'Sales Daily KPIs'!$A:$A,">="&$A16,'Sales Daily KPIs'!$A:$A,"<="&$B16)) | M16: =IF(A16="","",Targets!$B$5)
B17: =IF(A17="","",A17+6) | D17: =IF(A17="","",COUNTIFS('Sales Daily KPIs'!$B:$B,$C17,'Sales Daily KPIs'!$A:$A,">="&$A17,'Sales Daily KPIs'!$A:$A,"<="&$B17,'Sales Daily KPIs'!$C:$C,"<>")) | E17: =IF(A17="","",SUMIFS('Sales Daily KPIs'!$C:$C,'Sales Daily KPIs'!$B:$B,$C17,'Sales Daily KPIs'!$A:$A,">="&$A17,'Sales Daily KPIs'!$A:$A,"<="&$B17)) | F17: =IF(A17="","",Targets!$B$2*Targets!$B$6) | G17: =IF(A17="","",SUMIFS('Sales Daily KPIs'!$D:$D,'Sales Daily KPIs'!$B:$B,$C17,'Sales Daily KPIs'!$A:$A,">="&$A17,'Sales Daily KPIs'!$A:$A,"<="&$B17)) | H17: =IF(A17="","",Targets!$B$3*Targets!$B$6) | I17: =IF(A17="","",SUMIFS('Sales Daily KPIs'!$E:$E,'Sales Daily KPIs'!$B:$B,$C17,'Sales Daily KPIs'!$A:$A,">="&$A17,'Sales Daily KPIs'!$A:$A,"<="&$B17)) | J17: =IF(A17="","",Targets!$B$4*Targets!$B$6) | K17: =IF(A17="","",IFERROR(SUMIFS('Sales Daily KPIs'!$G:$G,'Sales Daily KPIs'!$B:$B,$C17,'Sales Daily KPIs'!$A:$A,">="&$A17,'Sales Daily KPIs'!$A:$A,"<="&$B17)/SUMIFS('Sales Daily KPIs'!$F:$F,'Sales Daily KPIs'!$B:$B,$C17,'Sales Daily KPIs'!$A:$A,">="&$A17,'Sales Daily KPIs'!$A:$A,"<="&$B17),"")) | L17: =IF(A17="","",SUMIFS('Sales Daily KPIs'!$I:$I,'Sales Daily KPIs'!$B:$B,$C17,'Sales Daily KPIs'!$A:$A,">="&$A17,'Sales Daily KPIs'!$A:$A,"<="&$B17)) | M17: =IF(A17="","",Targets!$B$5)
B18: =IF(A18="","",A18+6) | D18: =IF(A18="","",COUNTIFS('Sales Daily KPIs'!$B:$B,$C18,'Sales Daily KPIs'!$A:$A,">="&$A18,'Sales Daily KPIs'!$A:$A,"<="&$B18,'Sales Daily KPIs'!$C:$C,"<>")) | E18: =IF(A18="","",SUMIFS('Sales Daily KPIs'!$C:$C,'Sales Daily KPIs'!$B:$B,$C18,'Sales Daily KPIs'!$A:$A,">="&$A18,'Sales Daily KPIs'!$A:$A,"<="&$B18)) | F18: =IF(A18="","",Targets!$B$2*Targets!$B$6) | G18: =IF(A18="","",SUMIFS('Sales Daily KPIs'!$D:$D,'Sales Daily KPIs'!$B:$B,$C18,'Sales Daily KPIs'!$A:$A,">="&$A18,'Sales Daily KPIs'!$A:$A,"<="&$B18)) | H18: =IF(A18="","",Targets!$B$3*Targets!$B$6) | I18: =IF(A18="","",SUMIFS('Sales Daily KPIs'!$E:$E,'Sales Daily KPIs'!$B:$B,$C18,'Sales Daily KPIs'!$A:$A,">="&$A18,'Sales Daily KPIs'!$A:$A,"<="&$B18)) | J18: =IF(A18="","",Targets!$B$4*Targets!$B$6) | K18: =IF(A18="","",IFERROR(SUMIFS('Sales Daily KPIs'!$G:$G,'Sales Daily KPIs'!$B:$B,$C18,'Sales Daily KPIs'!$A:$A,">="&$A18,'Sales Daily KPIs'!$A:$A,"<="&$B18)/SUMIFS('Sales Daily KPIs'!$F:$F,'Sales Daily KPIs'!$B:$B,$C18,'Sales Daily KPIs'!$A:$A,">="&$A18,'Sales Daily KPIs'!$A:$A,"<="&$B18),"")) | L18: =IF(A18="","",SUMIFS('Sales Daily KPIs'!$I:$I,'Sales Daily KPIs'!$B:$B,$C18,'Sales Daily KPIs'!$A:$A,">="&$A18,'Sales Daily KPIs'!$A:$A,"<="&$B18)) | M18: =IF(A18="","",Targets!$B$5)
B19: =IF(A19="","",A19+6) | D19: =IF(A19="","",COUNTIFS('Sales Daily KPIs'!$B:$B,$C19,'Sales Daily KPIs'!$A:$A,">="&$A19,'Sales Daily KPIs'!$A:$A,"<="&$B19,'Sales Daily KPIs'!$C:$C,"<>")) | E19: =IF(A19="","",SUMIFS('Sales Daily KPIs'!$C:$C,'Sales Daily KPIs'!$B:$B,$C19,'Sales Daily KPIs'!$A:$A,">="&$A19,'Sales Daily KPIs'!$A:$A,"<="&$B19)) | F19: =IF(A19="","",Targets!$B$2*Targets!$B$6) | G19: =IF(A19="","",SUMIFS('Sales Daily KPIs'!$D:$D,'Sales Daily KPIs'!$B:$B,$C19,'Sales Daily KPIs'!$A:$A,">="&$A19,'Sales Daily KPIs'!$A:$A,"<="&$B19)) | H19: =IF(A19="","",Targets!$B$3*Targets!$B$6) | I19: =IF(A19="","",SUMIFS('Sales Daily KPIs'!$E:$E,'Sales Daily KPIs'!$B:$B,$C19,'Sales Daily KPIs'!$A:$A,">="&$A19,'Sales Daily KPIs'!$A:$A,"<="&$B19)) | J19: =IF(A19="","",Targets!$B$4*Targets!$B$6) | K19: =IF(A19="","",IFERROR(SUMIFS('Sales Daily KPIs'!$G:$G,'Sales Daily KPIs'!$B:$B,$C19,'Sales Daily KPIs'!$A:$A,">="&$A19,'Sales Daily KPIs'!$A:$A,"<="&$B19)/SUMIFS('Sales Daily KPIs'!$F:$F,'Sales Daily KPIs'!$B:$B,$C19,'Sales Daily KPIs'!$A:$A,">="&$A19,'Sales Daily KPIs'!$A:$A,"<="&$B19),"")) | L19: =IF(A19="","",SUMIFS('Sales Daily KPIs'!$I:$I,'Sales Daily KPIs'!$B:$B,$C19,'Sales Daily KPIs'!$A:$A,">="&$A19,'Sales Daily KPIs'!$A:$A,"<="&$B19)) | M19: =IF(A19="","",Targets!$B$5)
B20: =IF(A20="","",A20+6) | D20: =IF(A20="","",COUNTIFS('Sales Daily KPIs'!$B:$B,$C20,'Sales Daily KPIs'!$A:$A,">="&$A20,'Sales Daily KPIs'!$A:$A,"<="&$B20,'Sales Daily KPIs'!$C:$C,"<>")) | E20: =IF(A20="","",SUMIFS('Sales Daily KPIs'!$C:$C,'Sales Daily KPIs'!$B:$B,$C20,'Sales Daily KPIs'!$A:$A,">="&$A20,'Sales Daily KPIs'!$A:$A,"<="&$B20)) | F20: =IF(A20="","",Targets!$B$2*Targets!$B$6) | G20: =IF(A20="","",SUMIFS('Sales Daily KPIs'!$D:$D,'Sales Daily KPIs'!$B:$B,$C20,'Sales Daily KPIs'!$A:$A,">="&$A20,'Sales Daily KPIs'!$A:$A,"<="&$B20)) | H20: =IF(A20="","",Targets!$B$3*Targets!$B$6) | I20: =IF(A20="","",SUMIFS('Sales Daily KPIs'!$E:$E,'Sales Daily KPIs'!$B:$B,$C20,'Sales Daily KPIs'!$A:$A,">="&$A20,'Sales Daily KPIs'!$A:$A,"<="&$B20)) | J20: =IF(A20="","",Targets!$B$4*Targets!$B$6) | K20: =IF(A20="","",IFERROR(SUMIFS('Sales Daily KPIs'!$G:$G,'Sales Daily KPIs'!$B:$B,$C20,'Sales Daily KPIs'!$A:$A,">="&$A20,'Sales Daily KPIs'!$A:$A,"<="&$B20)/SUMIFS('Sales Daily KPIs'!$F:$F,'Sales Daily KPIs'!$B:$B,$C20,'Sales Daily KPIs'!$A:$A,">="&$A20,'Sales Daily KPIs'!$A:$A,"<="&$B20),"")) | L20: =IF(A20="","",SUMIFS('Sales Daily KPIs'!$I:$I,'Sales Daily KPIs'!$B:$B,$C20,'Sales Daily KPIs'!$A:$A,">="&$A20,'Sales Daily KPIs'!$A:$A,"<="&$B20)) | M20: =IF(A20="","",Targets!$B$5)
B21: =IF(A21="","",A21+6) | D21: =IF(A21="","",COUNTIFS('Sales Daily KPIs'!$B:$B,$C21,'Sales Daily KPIs'!$A:$A,">="&$A21,'Sales Daily KPIs'!$A:$A,"<="&$B21,'Sales Daily KPIs'!$C:$C,"<>")) | E21: =IF(A21="","",SUMIFS('Sales Daily KPIs'!$C:$C,'Sales Daily KPIs'!$B:$B,$C21,'Sales Daily KPIs'!$A:$A,">="&$A21,'Sales Daily KPIs'!$A:$A,"<="&$B21)) | F21: =IF(A21="","",Targets!$B$2*Targets!$B$6) | G21: =IF(A21="","",SUMIFS('Sales Daily KPIs'!$D:$D,'Sales Daily KPIs'!$B:$B,$C21,'Sales Daily KPIs'!$A:$A,">="&$A21,'Sales Daily KPIs'!$A:$A,"<="&$B21)) | H21: =IF(A21="","",Targets!$B$3*Targets!$B$6) | I21: =IF(A21="","",SUMIFS('Sales Daily KPIs'!$E:$E,'Sales Daily KPIs'!$B:$B,$C21,'Sales Daily KPIs'!$A:$A,">="&$A21,'Sales Daily KPIs'!$A:$A,"<="&$B21)) | J21: =IF(A21="","",Targets!$B$4*Targets!$B$6) | K21: =IF(A21="","",IFERROR(SUMIFS('Sales Daily KPIs'!$G:$G,'Sales Daily KPIs'!$B:$B,$C21,'Sales Daily KPIs'!$A:$A,">="&$A21,'Sales Daily KPIs'!$A:$A,"<="&$B21)/SUMIFS('Sales Daily KPIs'!$F:$F,'Sales Daily KPIs'!$B:$B,$C21,'Sales Daily KPIs'!$A:$A,">="&$A21,'Sales Daily KPIs'!$A:$A,"<="&$B21),"")) | L21: =IF(A21="","",SUMIFS('Sales Daily KPIs'!$I:$I,'Sales Daily KPIs'!$B:$B,$C21,'Sales Daily KPIs'!$A:$A,">="&$A21,'Sales Daily KPIs'!$A:$A,"<="&$B21)) | M21: =IF(A21="","",Targets!$B$5)
B22: =IF(A22="","",A22+6) | D22: =IF(A22="","",COUNTIFS('Sales Daily KPIs'!$B:$B,$C22,'Sales Daily KPIs'!$A:$A,">="&$A22,'Sales Daily KPIs'!$A:$A,"<="&$B22,'Sales Daily KPIs'!$C:$C,"<>")) | E22: =IF(A22="","",SUMIFS('Sales Daily KPIs'!$C:$C,'Sales Daily KPIs'!$B:$B,$C22,'Sales Daily KPIs'!$A:$A,">="&$A22,'Sales Daily KPIs'!$A:$A,"<="&$B22)) | F22: =IF(A22="","",Targets!$B$2*Targets!$B$6) | G22: =IF(A22="","",SUMIFS('Sales Daily KPIs'!$D:$D,'Sales Daily KPIs'!$B:$B,$C22,'Sales Daily KPIs'!$A:$A,">="&$A22,'Sales Daily KPIs'!$A:$A,"<="&$B22)) | H22: =IF(A22="","",Targets!$B$3*Targets!$B$6) | I22: =IF(A22="","",SUMIFS('Sales Daily KPIs'!$E:$E,'Sales Daily KPIs'!$B:$B,$C22,'Sales Daily KPIs'!$A:$A,">="&$A22,'Sales Daily KPIs'!$A:$A,"<="&$B22)) | J22: =IF(A22="","",Targets!$B$4*Targets!$B$6) | K22: =IF(A22="","",IFERROR(SUMIFS('Sales Daily KPIs'!$G:$G,'Sales Daily KPIs'!$B:$B,$C22,'Sales Daily KPIs'!$A:$A,">="&$A22,'Sales Daily KPIs'!$A:$A,"<="&$B22)/SUMIFS('Sales Daily KPIs'!$F:$F,'Sales Daily KPIs'!$B:$B,$C22,'Sales Daily KPIs'!$A:$A,">="&$A22,'Sales Daily KPIs'!$A:$A,"<="&$B22),"")) | L22: =IF(A22="","",SUMIFS('Sales Daily KPIs'!$I:$I,'Sales Daily KPIs'!$B:$B,$C22,'Sales Daily KPIs'!$A:$A,">="&$A22,'Sales Daily KPIs'!$A:$A,"<="&$B22)) | M22: =IF(A22="","",Targets!$B$5)
B23: =IF(A23="","",A23+6) | D23: =IF(A23="","",COUNTIFS('Sales Daily KPIs'!$B:$B,$C23,'Sales Daily KPIs'!$A:$A,">="&$A23,'Sales Daily KPIs'!$A:$A,"<="&$B23,'Sales Daily KPIs'!$C:$C,"<>")) | E23: =IF(A23="","",SUMIFS('Sales Daily KPIs'!$C:$C,'Sales Daily KPIs'!$B:$B,$C23,'Sales Daily KPIs'!$A:$A,">="&$A23,'Sales Daily KPIs'!$A:$A,"<="&$B23)) | F23: =IF(A23="","",Targets!$B$2*Targets!$B$6) | G23: =IF(A23="","",SUMIFS('Sales Daily KPIs'!$D:$D,'Sales Daily KPIs'!$B:$B,$C23,'Sales Daily KPIs'!$A:$A,">="&$A23,'Sales Daily KPIs'!$A:$A,"<="&$B23)) | H23: =IF(A23="","",Targets!$B$3*Targets!$B$6) | I23: =IF(A23="","",SUMIFS('Sales Daily KPIs'!$E:$E,'Sales Daily KPIs'!$B:$B,$C23,'Sales Daily KPIs'!$A:$A,">="&$A23,'Sales Daily KPIs'!$A:$A,"<="&$B23)) | J23: =IF(A23="","",Targets!$B$4*Targets!$B$6) | K23: =IF(A23="","",IFERROR(SUMIFS('Sales Daily KPIs'!$G:$G,'Sales Daily KPIs'!$B:$B,$C23,'Sales Daily KPIs'!$A:$A,">="&$A23,'Sales Daily KPIs'!$A:$A,"<="&$B23)/SUMIFS('Sales Daily KPIs'!$F:$F,'Sales Daily KPIs'!$B:$B,$C23,'Sales Daily KPIs'!$A:$A,">="&$A23,'Sales Daily KPIs'!$A:$A,"<="&$B23),"")) | L23: =IF(A23="","",SUMIFS('Sales Daily KPIs'!$I:$I,'Sales Daily KPIs'!$B:$B,$C23,'Sales Daily KPIs'!$A:$A,">="&$A23,'Sales Daily KPIs'!$A:$A,"<="&$B23)) | M23: =IF(A23="","",Targets!$B$5)
B24: =IF(A24="","",A24+6) | D24: =IF(A24="","",COUNTIFS('Sales Daily KPIs'!$B:$B,$C24,'Sales Daily KPIs'!$A:$A,">="&$A24,'Sales Daily KPIs'!$A:$A,"<="&$B24,'Sales Daily KPIs'!$C:$C,"<>")) | E24: =IF(A24="","",SUMIFS('Sales Daily KPIs'!$C:$C,'Sales Daily KPIs'!$B:$B,$C24,'Sales Daily KPIs'!$A:$A,">="&$A24,'Sales Daily KPIs'!$A:$A,"<="&$B24)) | F24: =IF(A24="","",Targets!$B$2*Targets!$B$6) | G24: =IF(A24="","",SUMIFS('Sales Daily KPIs'!$D:$D,'Sales Daily KPIs'!$B:$B,$C24,'Sales Daily KPIs'!$A:$A,">="&$A24,'Sales Daily KPIs'!$A:$A,"<="&$B24)) | H24: =IF(A24="","",Targets!$B$3*Targets!$B$6) | I24: =IF(A24="","",SUMIFS('Sales Daily KPIs'!$E:$E,'Sales Daily KPIs'!$B:$B,$C24,'Sales Daily KPIs'!$A:$A,">="&$A24,'Sales Daily KPIs'!$A:$A,"<="&$B24)) | J24: =IF(A24="","",Targets!$B$4*Targets!$B$6) | K24: =IF(A24="","",IFERROR(SUMIFS('Sales Daily KPIs'!$G:$G,'Sales Daily KPIs'!$B:$B,$C24,'Sales Daily KPIs'!$A:$A,">="&$A24,'Sales Daily KPIs'!$A:$A,"<="&$B24)/SUMIFS('Sales Daily KPIs'!$F:$F,'Sales Daily KPIs'!$B:$B,$C24,'Sales Daily KPIs'!$A:$A,">="&$A24,'Sales Daily KPIs'!$A:$A,"<="&$B24),"")) | L24: =IF(A24="","",SUMIFS('Sales Daily KPIs'!$I:$I,'Sales Daily KPIs'!$B:$B,$C24,'Sales Daily KPIs'!$A:$A,">="&$A24,'Sales Daily KPIs'!$A:$A,"<="&$B24)) | M24: =IF(A24="","",Targets!$B$5)
B25: =IF(A25="","",A25+6) | D25: =IF(A25="","",COUNTIFS('Sales Daily KPIs'!$B:$B,$C25,'Sales Daily KPIs'!$A:$A,">="&$A25,'Sales Daily KPIs'!$A:$A,"<="&$B25,'Sales Daily KPIs'!$C:$C,"<>")) | E25: =IF(A25="","",SUMIFS('Sales Daily KPIs'!$C:$C,'Sales Daily KPIs'!$B:$B,$C25,'Sales Daily KPIs'!$A:$A,">="&$A25,'Sales Daily KPIs'!$A:$A,"<="&$B25)) | F25: =IF(A25="","",Targets!$B$2*Targets!$B$6) | G25: =IF(A25="","",SUMIFS('Sales Daily KPIs'!$D:$D,'Sales Daily KPIs'!$B:$B,$C25,'Sales Daily KPIs'!$A:$A,">="&$A25,'Sales Daily KPIs'!$A:$A,"<="&$B25)) | H25: =IF(A25="","",Targets!$B$3*Targets!$B$6) | I25: =IF(A25="","",SUMIFS('Sales Daily KPIs'!$E:$E,'Sales Daily KPIs'!$B:$B,$C25,'Sales Daily KPIs'!$A:$A,">="&$A25,'Sales Daily KPIs'!$A:$A,"<="&$B25)) | J25: =IF(A25="","",Targets!$B$4*Targets!$B$6) | K25: =IF(A25="","",IFERROR(SUMIFS('Sales Daily KPIs'!$G:$G,'Sales Daily KPIs'!$B:$B,$C25,'Sales Daily KPIs'!$A:$A,">="&$A25,'Sales Daily KPIs'!$A:$A,"<="&$B25)/SUMIFS('Sales Daily KPIs'!$F:$F,'Sales Daily KPIs'!$B:$B,$C25,'Sales Daily KPIs'!$A:$A,">="&$A25,'Sales Daily KPIs'!$A:$A,"<="&$B25),"")) | L25: =IF(A25="","",SUMIFS('Sales Daily KPIs'!$I:$I,'Sales Daily KPIs'!$B:$B,$C25,'Sales Daily KPIs'!$A:$A,">="&$A25,'Sales Daily KPIs'!$A:$A,"<="&$B25)) | M25: =IF(A25="","",Targets!$B$5)
... B121: =IF(A121="","",A121+6) | D121: =IF(A121="","",COUNTIFS('Sales Daily KPIs'!$B:$B,$C121,'Sales Daily KPIs'!$A:$A,">="&$A121,'Sales Daily KPIs'!$A:$A,"<="&$B121,'Sales Daily KPIs'!$C:$C,"<>")) | E121: =IF(A121="","",SUMIFS('Sales Daily KPIs'!$C:$C,'Sales Daily KPIs'!$B:$B,$C121,'Sales Daily KPIs'!$A:$A,">="&$A121,'Sales Daily KPIs'!$A:$A,"<="&$B121)) | F121: =IF(A121="","",Targets!$B$2*Targets!$B$6) | G121: =IF(A121="","",SUMIFS('Sales Daily KPIs'!$D:$D,'Sales Daily KPIs'!$B:$B,$C121,'Sales Daily KPIs'!$A:$A,">="&$A121,'Sales Daily KPIs'!$A:$A,"<="&$B121)) | H121: =IF(A121="","",Targets!$B$3*Targets!$B$6) | I121: =IF(A121="","",SUMIFS('Sales Daily KPIs'!$E:$E,'Sales Daily KPIs'!$B:$B,$C121,'Sales Daily KPIs'!$A:$A,">="&$A121,'Sales Daily KPIs'!$A:$A,"<="&$B121)) | J121: =IF(A121="","",Targets!$B$4*Targets!$B$6) | K121: =IF(A121="","",IFERROR(SUMIFS('Sales Daily KPIs'!$G:$G,'Sales Daily KPIs'!$B:$B,$C121,'Sales Daily KPIs'!$A:$A,">="&$A121,'Sales Daily KPIs'!$A:$A,"<="&$B121)/SUMIFS('Sales Daily KPIs'!$F:$F,'Sales Daily KPIs'!$B:$B,$C121,'Sales Daily KPIs'!$A:$A,">="&$A121,'Sales Daily KPIs'!$A:$A,"<="&$B121),"")) | L121: =IF(A121="","",SUMIFS('Sales Daily KPIs'!$I:$I,'Sales Daily KPIs'!$B:$B,$C121,'Sales Daily KPIs'!$A:$A,">="&$A121,'Sales Daily KPIs'!$A:$A,"<="&$B121)) | M121: =IF(A121="","",Targets!$B$5)

Sheet Pipeline
A1: Date added | B1: Sales rep | C1: Business | D1: Niche | E1: Area | F1: Contact name | G1: WhatsApp | H1: Instagram | I1: Source | J1: Stage | K1: Package interested | L1: Monthly value (AED) | M1: Likelihood (traffic light) | N1: What's stopping them | O1: Blocker detail | P1: Next action | Q1: Next follow-up date | R1: Follow-up | S1: Last contact | T1: Expected close date | U1: Notes
A2: 46344 | B2: Usama Rehman | C2: EXAMPLE Phone Hub | D2: Mobile phones | E2: Karama | F2: Ali K. | G2: +971 55 000 0000 | H2: @examplephonehub | I2: Cold call | J2: Free video delivered | K2: Growth | L2: =IF(K2="","",IFERROR(INDEX(Lists!$G$2:$G$5,MATCH(K2,Lists!$F$2:$F$5,0)),"")) -> 7500 | M2: Yellow | N2: Price | O2: Likes the video, thinks Growth is too much this month | P2: Show Launch, then upgrade path after month 1 | Q2: 46346 | R2: =IF(OR(C2="",Q2=""),"",IF(OR(J2="Won",J2="Lost"),"",IF(Q2<TODAY(),"OVERDUE",IF(Q2=TODAY(),"TODAY","")))) | S2: 46344 | T2: 46351 | U2: Delete this row
B3: Usama Rehman | C3: Mobile shop (name to add) | D3: Mobile phones | J3: Free video delivered | L3: =IF(K3="","",IFERROR(INDEX(Lists!$G$2:$G$5,MATCH(K3,Lists!$F$2:$F$5,0)),"")) | R3: =IF(OR(C3="",Q3=""),"",IF(OR(J3="Won",J3="Lost"),"",IF(Q3<TODAY(),"OVERDUE",IF(Q3=TODAY(),"TODAY",""))))
B4: Usama Rehman | C4: Spa (name to add) | D4: Spa | J4: Free video delivered | L4: =IF(K4="","",IFERROR(INDEX(Lists!$G$2:$G$5,MATCH(K4,Lists!$F$2:$F$5,0)),"")) | R4: =IF(OR(C4="",Q4=""),"",IF(OR(J4="Won",J4="Lost"),"",IF(Q4<TODAY(),"OVERDUE",IF(Q4=TODAY(),"TODAY",""))))
L5: =IF(K5="","",IFERROR(INDEX(Lists!$G$2:$G$5,MATCH(K5,Lists!$F$2:$F$5,0)),"")) | R5: =IF(OR(C5="",Q5=""),"",IF(OR(J5="Won",J5="Lost"),"",IF(Q5<TODAY(),"OVERDUE",IF(Q5=TODAY(),"TODAY",""))))
L6: =IF(K6="","",IFERROR(INDEX(Lists!$G$2:$G$5,MATCH(K6,Lists!$F$2:$F$5,0)),"")) | R6: =IF(OR(C6="",Q6=""),"",IF(OR(J6="Won",J6="Lost"),"",IF(Q6<TODAY(),"OVERDUE",IF(Q6=TODAY(),"TODAY",""))))
L7: =IF(K7="","",IFERROR(INDEX(Lists!$G$2:$G$5,MATCH(K7,Lists!$F$2:$F$5,0)),"")) | R7: =IF(OR(C7="",Q7=""),"",IF(OR(J7="Won",J7="Lost"),"",IF(Q7<TODAY(),"OVERDUE",IF(Q7=TODAY(),"TODAY",""))))
L8: =IF(K8="","",IFERROR(INDEX(Lists!$G$2:$G$5,MATCH(K8,Lists!$F$2:$F$5,0)),"")) | R8: =IF(OR(C8="",Q8=""),"",IF(OR(J8="Won",J8="Lost"),"",IF(Q8<TODAY(),"OVERDUE",IF(Q8=TODAY(),"TODAY",""))))
L9: =IF(K9="","",IFERROR(INDEX(Lists!$G$2:$G$5,MATCH(K9,Lists!$F$2:$F$5,0)),"")) | R9: =IF(OR(C9="",Q9=""),"",IF(OR(J9="Won",J9="Lost"),"",IF(Q9<TODAY(),"OVERDUE",IF(Q9=TODAY(),"TODAY",""))))
L10: =IF(K10="","",IFERROR(INDEX(Lists!$G$2:$G$5,MATCH(K10,Lists!$F$2:$F$5,0)),"")) | R10: =IF(OR(C10="",Q10=""),"",IF(OR(J10="Won",J10="Lost"),"",IF(Q10<TODAY(),"OVERDUE",IF(Q10=TODAY(),"TODAY",""))))
L11: =IF(K11="","",IFERROR(INDEX(Lists!$G$2:$G$5,MATCH(K11,Lists!$F$2:$F$5,0)),"")) | R11: =IF(OR(C11="",Q11=""),"",IF(OR(J11="Won",J11="Lost"),"",IF(Q11<TODAY(),"OVERDUE",IF(Q11=TODAY(),"TODAY",""))))
L12: =IF(K12="","",IFERROR(INDEX(Lists!$G$2:$G$5,MATCH(K12,Lists!$F$2:$F$5,0)),"")) | R12: =IF(OR(C12="",Q12=""),"",IF(OR(J12="Won",J12="Lost"),"",IF(Q12<TODAY(),"OVERDUE",IF(Q12=TODAY(),"TODAY",""))))
L13: =IF(K13="","",IFERROR(INDEX(Lists!$G$2:$G$5,MATCH(K13,Lists!$F$2:$F$5,0)),"")) | R13: =IF(OR(C13="",Q13=""),"",IF(OR(J13="Won",J13="Lost"),"",IF(Q13<TODAY(),"OVERDUE",IF(Q13=TODAY(),"TODAY",""))))
L14: =IF(K14="","",IFERROR(INDEX(Lists!$G$2:$G$5,MATCH(K14,Lists!$F$2:$F$5,0)),"")) | R14: =IF(OR(C14="",Q14=""),"",IF(OR(J14="Won",J14="Lost"),"",IF(Q14<TODAY(),"OVERDUE",IF(Q14=TODAY(),"TODAY",""))))
L15: =IF(K15="","",IFERROR(INDEX(Lists!$G$2:$G$5,MATCH(K15,Lists!$F$2:$F$5,0)),"")) | R15: =IF(OR(C15="",Q15=""),"",IF(OR(J15="Won",J15="Lost"),"",IF(Q15<TODAY(),"OVERDUE",IF(Q15=TODAY(),"TODAY",""))))
L16: =IF(K16="","",IFERROR(INDEX(Lists!$G$2:$G$5,MATCH(K16,Lists!$F$2:$F$5,0)),"")) | R16: =IF(OR(C16="",Q16=""),"",IF(OR(J16="Won",J16="Lost"),"",IF(Q16<TODAY(),"OVERDUE",IF(Q16=TODAY(),"TODAY",""))))
... L501: =IF(K501="","",IFERROR(INDEX(Lists!$G$2:$G$5,MATCH(K501,Lists!$F$2:$F$5,0)),"")) | R501: =IF(OR(C501="",Q501=""),"",IF(OR(J501="Won",J501="Lost"),"",IF(Q501<TODAY(),"OVERDUE",IF(Q501=TODAY(),"TODAY",""))))

Sheet Pipeline Summary
A1: Rep | B1: Green | C1: Yellow | D1: Red | E1: Open deals | F1: Open value (AED / month) | G1: Follow-ups TODAY | H1: Follow-ups OVERDUE | I1: Won (all time)
A2: Usama Rehman | B2: =COUNTIFS(Pipeline!$B:$B,$A2,Pipeline!$M:$M,"Green",Pipeline!$J:$J,"<>Won",Pipeline!$J:$J,"<>Lost",Pipeline!$C:$C,"<>") -> 0 | C2: =COUNTIFS(Pipeline!$B:$B,$A2,Pipeline!$M:$M,"Yellow",Pipeline!$J:$J,"<>Won",Pipeline!$J:$J,"<>Lost",Pipeline!$C:$C,"<>") -> 1 | D2: =COUNTIFS(Pipeline!$B:$B,$A2,Pipeline!$M:$M,"Red",Pipeline!$J:$J,"<>Won",Pipeline!$J:$J,"<>Lost",Pipeline!$C:$C,"<>") -> 0 | E2: =COUNTIFS(Pipeline!$B:$B,$A2,Pipeline!$J:$J,"<>Won",Pipeline!$J:$J,"<>Lost",Pipeline!$C:$C,"<>") -> 3 | F2: =SUMIFS(Pipeline!$L:$L,Pipeline!$B:$B,$A2,Pipeline!$J:$J,"<>Won",Pipeline!$J:$J,"<>Lost",Pipeline!$C:$C,"<>") -> 7500 | G2: =COUNTIFS(Pipeline!$B:$B,$A2,Pipeline!$R:$R,"TODAY") -> 0 | H2: =COUNTIFS(Pipeline!$B:$B,$A2,Pipeline!$R:$R,"OVERDUE") -> 0 | I2: =COUNTIFS(Pipeline!$B:$B,$A2,Pipeline!$J:$J,"Won") -> 0
A3: Sales Agent 1 | B3: =COUNTIFS(Pipeline!$B:$B,$A3,Pipeline!$M:$M,"Green",Pipeline!$J:$J,"<>Won",Pipeline!$J:$J,"<>Lost",Pipeline!$C:$C,"<>") -> 0 | C3: =COUNTIFS(Pipeline!$B:$B,$A3,Pipeline!$M:$M,"Yellow",Pipeline!$J:$J,"<>Won",Pipeline!$J:$J,"<>Lost",Pipeline!$C:$C,"<>") -> 0 | D3: =COUNTIFS(Pipeline!$B:$B,$A3,Pipeline!$M:$M,"Red",Pipeline!$J:$J,"<>Won",Pipeline!$J:$J,"<>Lost",Pipeline!$C:$C,"<>") -> 0 | E3: =COUNTIFS(Pipeline!$B:$B,$A3,Pipeline!$J:$J,"<>Won",Pipeline!$J:$J,"<>Lost",Pipeline!$C:$C,"<>") -> 0 | F3: =SUMIFS(Pipeline!$L:$L,Pipeline!$B:$B,$A3,Pipeline!$J:$J,"<>Won",Pipeline!$J:$J,"<>Lost",Pipeline!$C:$C,"<>") -> 0 | G3: =COUNTIFS(Pipeline!$B:$B,$A3,Pipeline!$R:$R,"TODAY") -> 0 | H3: =COUNTIFS(Pipeline!$B:$B,$A3,Pipeline!$R:$R,"OVERDUE") -> 0 | I3: =COUNTIFS(Pipeline!$B:$B,$A3,Pipeline!$J:$J,"Won") -> 0
A4: Sales Agent 2 | B4: =COUNTIFS(Pipeline!$B:$B,$A4,Pipeline!$M:$M,"Green",Pipeline!$J:$J,"<>Won",Pipeline!$J:$J,"<>Lost",Pipeline!$C:$C,"<>") -> 0 | C4: =COUNTIFS(Pipeline!$B:$B,$A4,Pipeline!$M:$M,"Yellow",Pipeline!$J:$J,"<>Won",Pipeline!$J:$J,"<>Lost",Pipeline!$C:$C,"<>") -> 0 | D4: =COUNTIFS(Pipeline!$B:$B,$A4,Pipeline!$M:$M,"Red",Pipeline!$J:$J,"<>Won",Pipeline!$J:$J,"<>Lost",Pipeline!$C:$C,"<>") -> 0 | E4: =COUNTIFS(Pipeline!$B:$B,$A4,Pipeline!$J:$J,"<>Won",Pipeline!$J:$J,"<>Lost",Pipeline!$C:$C,"<>") -> 0 | F4: =SUMIFS(Pipeline!$L:$L,Pipeline!$B:$B,$A4,Pipeline!$J:$J,"<>Won",Pipeline!$J:$J,"<>Lost",Pipeline!$C:$C,"<>") -> 0 | G4: =COUNTIFS(Pipeline!$B:$B,$A4,Pipeline!$R:$R,"TODAY") -> 0 | H4: =COUNTIFS(Pipeline!$B:$B,$A4,Pipeline!$R:$R,"OVERDUE") -> 0 | I4: =COUNTIFS(Pipeline!$B:$B,$A4,Pipeline!$J:$J,"Won") -> 0
A5: All reps | B5: =COUNTIFS(Pipeline!$M:$M,"Green",Pipeline!$J:$J,"<>Won",Pipeline!$J:$J,"<>Lost",Pipeline!$C:$C,"<>") -> 0 | C5: =COUNTIFS(Pipeline!$M:$M,"Yellow",Pipeline!$J:$J,"<>Won",Pipeline!$J:$J,"<>Lost",Pipeline!$C:$C,"<>") -> 1 | D5: =COUNTIFS(Pipeline!$M:$M,"Red",Pipeline!$J:$J,"<>Won",Pipeline!$J:$J,"<>Lost",Pipeline!$C:$C,"<>") -> 0 | E5: =COUNTIFS(Pipeline!$J:$J,"<>Won",Pipeline!$J:$J,"<>Lost",Pipeline!$C:$C,"<>") -> 4 | F5: =SUMIFS(Pipeline!$L:$L,Pipeline!$J:$J,"<>Won",Pipeline!$J:$J,"<>Lost",Pipeline!$C:$C,"<>") -> 7500 | G5: =COUNTIFS(Pipeline!$R:$R,"TODAY") -> 0 | H5: =COUNTIFS(Pipeline!$R:$R,"OVERDUE") -> 0 | I5: =COUNTIFS(Pipeline!$J:$J,"Won") -> 0
A8: What's stopping open deals | B8: Open deals | C8: Of which Yellow
A9: Price | B9: =COUNTIFS(Pipeline!$N:$N,$A9,Pipeline!$J:$J,"<>Won",Pipeline!$J:$J,"<>Lost",Pipeline!$C:$C,"<>") -> 1 | C9: =COUNTIFS(Pipeline!$N:$N,$A9,Pipeline!$M:$M,"Yellow",Pipeline!$J:$J,"<>Won",Pipeline!$J:$J,"<>Lost",Pipeline!$C:$C,"<>") -> 1
A10: Timing | B10: =COUNTIFS(Pipeline!$N:$N,$A10,Pipeline!$J:$J,"<>Won",Pipeline!$J:$J,"<>Lost",Pipeline!$C:$C,"<>") -> 0 | C10: =COUNTIFS(Pipeline!$N:$N,$A10,Pipeline!$M:$M,"Yellow",Pipeline!$J:$J,"<>Won",Pipeline!$J:$J,"<>Lost",Pipeline!$C:$C,"<>") -> 0
A11: Decision maker not involved | B11: =COUNTIFS(Pipeline!$N:$N,$A11,Pipeline!$J:$J,"<>Won",Pipeline!$J:$J,"<>Lost",Pipeline!$C:$C,"<>") -> 0 | C11: =COUNTIFS(Pipeline!$N:$N,$A11,Pipeline!$M:$M,"Yellow",Pipeline!$J:$J,"<>Won",Pipeline!$J:$J,"<>Lost",Pipeline!$C:$C,"<>") -> 0
A12: Wants to see results first | B12: =COUNTIFS(Pipeline!$N:$N,$A12,Pipeline!$J:$J,"<>Won",Pipeline!$J:$J,"<>Lost",Pipeline!$C:$C,"<>") -> 0 | C12: =COUNTIFS(Pipeline!$N:$N,$A12,Pipeline!$M:$M,"Yellow",Pipeline!$J:$J,"<>Won",Pipeline!$J:$J,"<>Lost",Pipeline!$C:$C,"<>") -> 0
A13: Already has an agency | B13: =COUNTIFS(Pipeline!$N:$N,$A13,Pipeline!$J:$J,"<>Won",Pipeline!$J:$J,"<>Lost",Pipeline!$C:$C,"<>") -> 0 | C13: =COUNTIFS(Pipeline!$N:$N,$A13,Pipeline!$M:$M,"Yellow",Pipeline!$J:$J,"<>Won",Pipeline!$J:$J,"<>Lost",Pipeline!$C:$C,"<>") -> 0
A14: Doesn't want to be on camera | B14: =COUNTIFS(Pipeline!$N:$N,$A14,Pipeline!$J:$J,"<>Won",Pipeline!$J:$J,"<>Lost",Pipeline!$C:$C,"<>") -> 0 | C14: =COUNTIFS(Pipeline!$N:$N,$A14,Pipeline!$M:$M,"Yellow",Pipeline!$J:$J,"<>Won",Pipeline!$J:$J,"<>Lost",Pipeline!$C:$C,"<>") -> 0
A15: No reply | B15: =COUNTIFS(Pipeline!$N:$N,$A15,Pipeline!$J:$J,"<>Won",Pipeline!$J:$J,"<>Lost",Pipeline!$C:$C,"<>") -> 0 | C15: =COUNTIFS(Pipeline!$N:$N,$A15,Pipeline!$M:$M,"Yellow",Pipeline!$J:$J,"<>Won",Pipeline!$J:$J,"<>Lost",Pipeline!$C:$C,"<>") -> 0
A16: Other | B16: =COUNTIFS(Pipeline!$N:$N,$A16,Pipeline!$J:$J,"<>Won",Pipeline!$J:$J,"<>Lost",Pipeline!$C:$C,"<>") -> 0 | C16: =COUNTIFS(Pipeline!$N:$N,$A16,Pipeline!$M:$M,"Yellow",Pipeline!$J:$J,"<>Won",Pipeline!$J:$J,"<>Lost",Pipeline!$C:$C,"<>") -> 0
A17: None | B17: =COUNTIFS(Pipeline!$N:$N,$A17,Pipeline!$J:$J,"<>Won",Pipeline!$J:$J,"<>Lost",Pipeline!$C:$C,"<>") -> 0 | C17: =COUNTIFS(Pipeline!$N:$N,$A17,Pipeline!$M:$M,"Yellow",Pipeline!$J:$J,"<>Won",Pipeline!$J:$J,"<>Lost",Pipeline!$C:$C,"<>") -> 0

Sheet Lists
A1: Reps | B1: Stage | C1: Likelihood | D1: What's stopping them | E1: Source | F1: Package | G1: Package fee (AED)
A2: Usama Rehman | B2: New lead | C2: Green | D2: None | E2: Cold call | F2: Launch | G2: 5000
A3: Sales Agent 1 | B3: Contacted | C3: Yellow | D3: Price | E3: WhatsApp | F3: Growth | G3: 7500
A4: Sales Agent 2 | B4: Meeting booked | C4: Red | D4: Timing | E4: Walk-in | F4: Scale | G4: 10000
B5: Meeting done | D5: Decision maker not involved | E5: Referral | F5: Not decided | G5: 0
B6: Free video booked | D6: Wants to see results first | E6: Instagram
B7: Free video delivered | D7: Already has an agency | E7: Other
B8: Proposal sent | D8: Doesn't want to be on camera
B9: Won | D9: No reply
B10: Lost | D10: Other

Sheet Targets
A1: Target | B1: Value | C1: Source
A2: Calls and outreaches per rep per day | B2: 100 | C2: Sahill
A3: Meetings booked for next day per rep per day | B3: 4 | C3: Sahill
A4: Meetings done per rep per day | B4: 2 | C4: Sahill
A5: Closed deals per rep per week | B5: 2 | C5: Sahill
A6: Working days per week | B6: 6 | C6: Monday to Saturday (website hours)
